Ö¸Êı,Öµ,rank0,rank1
10086.0,201.0,1.0,1.0
11967.0,218.0,2.0,2.0
12774.0,252.0,3.0,3.0
16490.0,320.0,4.0,4.0
17136.0,333.0,5.0,5.0
20527.0,379.0,6.0,6.0
22248.0,428.0,7.0,7.0
22946.0,430.3993474506144,8.0,8.0
23107.0,440.32389665837565,9.0,9.0
23751.0,442.84825521984646,10.0,10.0
23913.0,461.27738372270653,11.0,11.0
25039.0,464.0,12.0,12.0
25308.0,469.95294984888466,13.0,13.0
25629.0,475.0,14.0,14.0
26005.0,479.8384107231759,15.0,15.0
26112.0,493.21932580866377,16.0,16.0
26433.0,497.716210537712,17.0,17.0
26487.0,498.8208052681468,18.0,18.0
27183.0,511.0270229036734,19.0,19.0
27237.0,511.960953239746,20.0,20.0
27558.0,513.5703061397634,21.0,21.0
27665.0,518.436126050215,22.0,22.0
27773.0,523.367894779083,23.0,23.0
27987.0,525.8712720957758,24.0,24.0
28254.0,529.8943308079461,25.0,25.0
28361.0,531.9176504977427,26.0,26.0
28468.0,532.3336651719504,27.0,27.0
28522.0,533.160326638108,28.0,28.0
28789.0,536.5706673336053,29.0,29.0
29057.0,546.7192217326743,30.0,30.0
29324.0,551.6922707588963,31.0,31.0
29485.0,560.8326311038912,32.0,32.0
29966.0,563.9254258228657,33.0,33.0
30019.0,584.5212570431845,34.0,34.0
30767.0,586.0,35.0,35.0
30927.0,586.3997121320035,36.0,36.0
31034.0,587.0,37.0,37.0
31728.0,589.3309861105765,38.0,38.0
31942.0,597.0,39.0,39.0
32315.0,603.0,40.0,40.0
32795.0,625.0,41.0,41.0
33009.0,625.0,42.0,42.0
34501.0,626.1073871722891,43.0,43.0
34554.0,645.5627387231817,44.0,44.0
34980.0,648.0,45.0,45.0
35086.0,667.0,46.0,46.0
35565.0,676.0,47.0,47.0
36097.0,685.0,48.0,48.0
36151.0,685.0,49.0,49.0
36204.0,689.0,50.0,50.0
36576.0,689.0,51.0,51.0
37055.0,692.0481635030603,52.0,52.0
37267.0,699.0,53.0,53.0
38064.0,723.0,54.0,54.0
38170.0,724.0,55.0,55.0
38329.0,727.0,56.0,56.0
38383.0,729.0,57.0,57.0
38807.0,736.0,58.0,58.0
38966.0,738.0,59.0,59.0
39179.0,742.0,60.0,60.0
39285.0,747.0,61.0,61.0
39550.0,751.0,62.0,62.0
39868.0,756.0,63.0,63.0
40239.0,765.0,64.0,64.0
40292.0,766.0,65.0,65.0
40610.0,771.0,66.0,66.0
41087.0,776.0,67.0,67.0
41193.0,776.702511985116,68.0,68.0
41246.0,777.9932495859958,69.0,69.0
41352.0,778.6398628425761,70.0,70.0
41405.0,795.5132105054859,71.0,71.0
41511.0,800.8446520950397,72.0,72.0
42887.0,801.2626630381077,73.0,73.0
43257.0,806.3043426348236,74.0,74.0
43363.0,811.5298324956887,75.0,75.0
43416.0,822.0,76.0,76.0
43786.0,823.4276676580077,77.0,77.0
44050.0,825.4431190167439,78.0,78.0
44103.0,832.0491897425983,79.0,79.0
44473.0,837.8178852891629,80.0,80.0
44684.0,839.4183719559128,81.0,81.0
45265.0,840.0047720712972,82.0,82.0
45846.0,844.1104674019265,83.0,83.0
45951.0,855.596336474398,84.0,84.0
46057.0,862.3037373060092,85.0,85.0
46109.0,870.1461732522861,86.0,86.0
46215.0,879.760283728558,87.0,87.0
46531.0,880.5712860148537,88.0,88.0
46637.0,885.0122071438509,89.0,89.0
46795.0,887.0001688663399,90.0,90.0
46900.0,889.3443839445946,91.0,91.0
47164.0,890.2804120648307,92.0,92.0
47217.0,891.2637153148614,93.0,93.0
47375.0,892.210060942788,94.0,94.0
47480.0,896.7700197841538,95.0,95.0
47638.0,903.2387212137809,96.0,96.0
47796.0,904.5234148088001,97.0,97.0
48165.0,905.472062449385,98.0,100.0
48376.0,905.2440625175581,99.0,98.0
48429.0,905.3812469412317,100.0,99.0
48902.0,906.5989462334303,101.0,101.0
49166.0,909.1479452429041,102.0,102.0
49218.0,926.2217852227479,103.0,103.0
49376.0,928.0246378176605,104.0,104.0
49429.0,935.6138134778279,105.0,105.0
49481.0,940.9030580248589,106.0,106.0
49797.0,942.9536349731417,107.0,107.0
49902.0,944.2223609773839,108.0,108.0
50323.0,944.5404567617155,109.0,109.0
50428.0,946.8260202411633,110.0,110.0
50533.0,949.1163476304275,111.0,111.0
50691.0,952.7960777741202,112.0,112.0
50743.0,955.6149858063175,113.0,113.0
50849.0,958.2835213790133,114.0,114.0
51111.0,959.3670667191811,115.0,115.0
51164.0,964.1628084156121,116.0,116.0
51216.0,969.0557941329117,117.0,117.0
51532.0,970.3256888472511,118.0,118.0
51637.0,973.6727197578866,119.0,119.0
51689.0,974.9974052967852,120.0,120.0
51899.0,977.8820051823353,121.0,121.0
52057.0,981.6328982119724,122.0,125.0
52109.0,983.0037067228277,123.0,127.0
52162.0,983.5943347561615,124.0,128.0
52267.0,984.3089773946621,125.0,129.0
52477.0,982.9469071991588,126.0,126.0
52582.0,979.732879943905,127.0,123.0
52634.0,979.6720804425169,128.0,122.0
52739.0,980.8045089532932,129.0,124.0
52949.0,989.813410834018,130.0,130.0
53002.0,992.0814393774298,131.0,131.0
53107.0,996.6405845256892,132.0,132.0
53369.0,999.305341089131,133.0,133.0
53421.0,1010.299416201655,134.0,134.0
53684.0,1011.8621451829424,135.0,135.0
53736.0,1012.2646750483531,136.0,136.0
54051.0,1012.3313512623719,137.0,137.0
54103.0,1021.7625523303265,138.0,138.0
54313.0,1024.103551916463,139.0,139.0
54418.0,1026.568060249939,140.0,140.0
54627.0,1028.9320751440168,141.0,141.0
54732.0,1033.3993478301757,142.0,142.0
54994.0,1034.0132194967305,143.0,143.0
55046.0,1034.7807701752085,144.0,144.0
55099.0,1034.9445917644694,145.0,145.0
55256.0,1037.0009834123423,146.0,146.0
55361.0,1039.8916077634028,147.0,147.0
55413.0,1044.4095462076846,148.0,148.0
55465.0,1047.2992383465912,149.0,151.0
55570.0,1055.3830322484878,150.0,152.0
55622.0,1055.6820364201103,151.0,153.0
56146.0,1056.854911104175,152.0,154.0
56512.0,1045.25498458308,153.0,149.0
56565.0,1045.5700543873263,154.0,150.0
56826.0,1061.3771521877297,155.0,155.0
56879.0,1064.578153040943,156.0,156.0
57088.0,1072.465953345697,157.0,157.0
57245.0,1075.580194399124,158.0,158.0
57297.0,1078.0544029664097,159.0,159.0
57454.0,1078.875380879439,160.0,160.0
57715.0,1080.0992115399763,161.0,161.0
57820.0,1083.8955671033596,162.0,162.0
57872.0,1085.1930687270728,163.0,163.0
57924.0,1085.3329903518716,164.0,164.0
58081.0,1085.7546851400866,165.0,165.0
58186.0,1086.8563478246301,166.0,166.0
58342.0,1089.357486167892,167.0,167.0
58395.0,1095.7583889920647,168.0,168.0
58447.0,1096.7499131796048,169.0,170.0
58708.0,1096.5088853073912,170.0,169.0
58760.0,1097.125328527524,171.0,171.0
58917.0,1098.9832082934988,172.0,172.0
59022.0,1102.7629193151586,173.0,173.0
59126.0,1111.454911682746,174.0,174.0
59335.0,1116.1530597770447,175.0,178.0
59439.0,1117.337711628455,176.0,180.0
59700.0,1117.6688940059685,177.0,181.0
59857.0,1115.2264200589736,178.0,177.0
59909.0,1114.1978520916164,179.0,176.0
60014.0,1113.9640088797198,180.0,175.0
60431.0,1117.129845978516,181.0,179.0
60535.0,1117.9160036851,182.0,182.0
60587.0,1120.6490467066246,183.0,183.0
60640.0,1123.3328474296236,184.0,184.0
60692.0,1135.3374042914686,185.0,185.0
60900.0,1138.0394383948462,186.0,186.0
61370.0,1139.2418952370867,187.0,187.0
61474.0,1140.2055569878148,188.0,188.0
61578.0,1150.967566690548,189.0,189.0
61630.0,1152.6666054642867,190.0,190.0
61995.0,1160.24292533374,191.0,191.0
62047.0,1161.3186598145903,192.0,192.0
62204.0,1161.325568215376,193.0,193.0
62256.0,1163.153079637385,194.0,194.0
62568.0,1165.5207136324093,195.0,195.0
62620.0,1183.2044441247588,196.0,196.0
62777.0,1189.4688855090624,197.0,197.0
62985.0,1190.022317663859,198.0,198.0
63453.0,1193.9322493277014,199.0,199.0
63506.0,1194.3547884485686,200.0,200.0
63610.0,1196.6876977743939,201.0,201.0
63714.0,1197.8926911639553,202.0,202.0
63974.0,1203.5563920243824,203.0,205.0
64078.0,1205.0552258064597,204.0,206.0
64286.0,1208.0957495335265,205.0,211.0
64442.0,1206.8827360358212,206.0,209.0
64494.0,1207.8612929731007,207.0,210.0
64598.0,1215.391196800936,208.0,214.0
64650.0,1218.2664540212672,209.0,220.0
64754.0,1219.6081571357397,210.0,221.0
65118.0,1220.5319600392484,211.0,222.0
65222.0,1216.043592017517,212.0,215.0
65274.0,1213.8020911486676,213.0,213.0
65326.0,1216.2360673726262,214.0,216.0
65430.0,1217.0913915342721,215.0,217.0
65534.0,1217.4608240722876,216.0,218.0
65638.0,1218.2238944469052,217.0,219.0
65794.0,1225.5895051251068,218.0,227.0
65846.0,1223.2222981381824,219.0,224.0
65898.0,1223.009666978943,220.0,223.0
66002.0,1224.291444105927,221.0,225.0
66106.0,1227.8357745993544,222.0,228.0
66158.0,1228.9409884854151,223.0,229.0
66261.0,1232.7892215682402,224.0,230.0
66365.0,1225.0994699693645,225.0,226.0
66573.0,1205.6432836991457,226.0,207.0
66729.0,1201.2293584526735,227.0,203.0
66885.0,1203.1325873646485,228.0,204.0
67144.0,1206.3166604223638,229.0,208.0
67508.0,1212.1852849941786,230.0,212.0
67767.0,1234.1872691352396,231.0,231.0
67819.0,1238.5945183750614,232.0,232.0
68026.0,1240.4372056694604,233.0,233.0
68182.0,1242.8888445070577,234.0,234.0
68649.0,1249.408995071786,235.0,235.0
68804.0,1265.9124517373964,236.0,236.0
68908.0,1281.7603329303342,237.0,237.0
69012.0,1291.021316899621,238.0,238.0
69167.0,1299.3472097593676,239.0,243.0
69375.0,1307.8645028005822,240.0,248.0
69582.0,1317.7305256472257,241.0,250.0
69737.0,1315.7153447047817,242.0,249.0
69996.0,1307.6276729960377,243.0,247.0
70255.0,1299.5698721865215,244.0,244.0
70722.0,1297.414017571978,245.0,241.0
71084.0,1301.1217281183506,246.0,245.0
71239.0,1298.2821356351128,247.0,242.0
71394.0,1294.028011034294,248.0,239.0
71446.0,1295.0140962457522,249.0,240.0
71808.0,1305.9177678934357,250.0,246.0
72171.0,1324.6484478153432,251.0,251.0
72429.0,1337.9039755890224,252.0,252.0
72636.0,1349.5482929288582,253.0,253.0
72739.0,1355.1878574144037,254.0,254.0
72946.0,1372.0106287503081,255.0,255.0
73360.0,1372.1620708461849,256.0,256.0
73515.0,1372.5681418649094,257.0,257.0
73618.0,1378.366582362926,258.0,258.0
73722.0,1390.3851110731566,259.0,259.0
73825.0,1401.8878623321903,260.0,260.0
74600.0,1403.6601965815084,261.0,261.0
74651.0,1405.5590480673234,262.0,262.0
75271.0,1422.0204049212261,263.0,263.0
75477.0,1422.9414887712958,264.0,264.0
75529.0,1423.1735979917696,265.0,265.0
75632.0,1424.8210144609184,266.0,266.0
75838.0,1429.643648627264,267.0,267.0
76200.0,1435.8791191750022,268.0,268.0
76354.0,1436.4997489666864,269.0,269.0
76612.0,1442.8238516442696,270.0,273.0
76767.0,1445.7411388624946,271.0,274.0
77076.0,1449.278615203799,272.0,275.0
77540.0,1460.281848407626,273.0,277.0
77643.0,1462.7275098647747,274.0,278.0
77798.0,1466.1676229486468,275.0,280.0
77952.0,1475.7688047310617,276.0,283.0
78004.0,1478.4649501208917,277.0,284.0
78107.0,1483.4919489859783,278.0,287.0
78210.0,1484.7473148288268,279.0,288.0
78570.0,1480.0926267263349,280.0,285.0
78828.0,1441.3779374629682,281.0,272.0
78879.0,1437.5971280122621,282.0,270.0
78982.0,1438.3541854953855,283.0,271.0
79394.0,1458.044610483543,284.0,276.0
79548.0,1463.4522015875243,285.0,279.0
79909.0,1473.0143198954067,286.0,281.0
80114.0,1475.259006378206,287.0,282.0
80526.0,1481.619510206767,288.0,286.0
80783.0,1485.5706458327359,289.0,289.0
81143.0,1489.7397103416233,290.0,290.0
81297.0,1508.146775721048,291.0,291.0
81400.0,1519.066474830114,292.0,292.0
81503.0,1532.7554757905039,293.0,293.0
81760.0,1532.8196413146707,294.0,294.0
81862.0,1532.9816688869114,295.0,295.0
81914.0,1534.515345561197,296.0,296.0
83300.0,1539.4434802673388,297.0,297.0
83506.0,1563.7541258486385,298.0,298.0
83865.0,1566.758664469109,299.0,299.0
84275.0,1567.5072960531204,300.0,300.0
84583.0,1568.508107497583,301.0,301.0
84891.0,1575.9629581053707,302.0,302.0
84942.0,1579.8743968661493,303.0,303.0
85404.0,1614.2183627244249,304.0,309.0
85455.0,1607.7264894774924,305.0,307.0
85506.0,1602.4783898535545,306.0,306.0
85609.0,1597.2014742006409,307.0,305.0
85762.0,1595.80915721531,308.0,304.0
86121.0,1610.6202567965527,309.0,308.0
86172.0,1621.4624876356224,310.0,310.0
86224.0,1632.5107064153633,311.0,311.0
86480.0,1636.0798342644653,312.0,312.0
86736.0,1652.627859135664,313.0,313.0
87146.0,1654.8880702672607,314.0,314.0
87248.0,1665.4744540690956,315.0,315.0
87555.0,1667.515923005836,316.0,316.0
87913.0,1669.2732274726925,317.0,317.0
88118.0,1671.6623617049006,318.0,318.0
88169.0,1680.547717678004,319.0,319.0
88425.0,1682.3209286378874,320.0,320.0
88630.0,1685.6328347685676,321.0,321.0
88681.0,1697.4722190873806,322.0,322.0
89141.0,1697.5685265077325,323.0,323.0
89244.0,1697.6079411463074,324.0,324.0
89601.0,1697.619342187081,325.0,325.0
89653.0,1709.053125488525,326.0,326.0
89959.0,1711.0,327.0,327.0
90215.0,1718.0,328.0,328.0
90419.0,1720.0,329.0,329.0
90879.0,1723.0,330.0,330.0
91083.0,1723.0,331.0,331.0
92104.0,1759.0,332.0,332.0
92258.0,1761.0,333.0,333.0
92615.0,1767.9371802454975,334.0,334.0
93176.0,1772.3736623807165,335.0,335.0
93227.0,1778.2621302012478,336.0,336.0
93635.0,1780.596872836637,337.0,337.0
94247.0,1784.0799808091888,338.0,338.0
94298.0,1786.2947984080668,339.0,339.0
94553.0,1786.7384805787588,340.0,340.0
94858.0,1791.1119153335362,341.0,341.0
95011.0,1800.2597770193547,342.0,342.0
95113.0,1803.6280814410434,343.0,343.0
95215.0,1807.0,344.0,344.0
95266.0,1815.0,345.0,345.0
95928.0,1818.6025664522233,346.0,346.0
96183.0,1828.0,347.0,347.0
96590.0,1842.0,348.0,348.0
96692.0,1845.0,349.0,349.0
96997.0,1851.4897805949313,350.0,350.0
97302.0,1858.2453416120652,351.0,351.0
97608.0,1862.5278031046723,352.0,352.0
97811.0,1864.4478480799983,353.0,353.0
97964.0,1864.7699849129394,354.0,354.0
98014.0,1865.7567459182326,355.0,355.0
98218.0,1868.9142536391844,356.0,356.0
98370.0,1873.1596500142714,357.0,357.0
98574.0,1874.2381027149397,358.0,358.0
100190.0,1881.2736084755638,359.0,359.0
100448.0,1882.3863361272047,360.0,360.0
100654.0,1884.8839814057633,361.0,361.0
101065.0,1886.1396820731716,362.0,362.0
101168.0,1902.7455483655287,363.0,363.0
101323.0,1905.171439606974,364.0,364.0
101529.0,1909.30315779164,365.0,365.0
101631.0,1913.5169056868826,366.0,366.0
101683.0,1920.5023539931985,367.0,367.0
101734.0,1921.3645061286634,368.0,369.0
102095.0,1925.9563307641786,369.0,373.0
102197.0,1926.1185336180197,370.0,374.0
102249.0,1925.6041383139168,371.0,372.0
102506.0,1922.5898774103393,372.0,371.0
102763.0,1921.1046982180806,373.0,368.0
102969.0,1921.9395359714015,374.0,370.0
103329.0,1928.6714657504813,375.0,375.0
103483.0,1931.544076093154,376.0,376.0
103586.0,1940.3010972194465,377.0,377.0
103637.0,1969.3110340870876,378.0,378.0
104357.0,1970.1190685859601,379.0,379.0
104459.0,1976.822093553755,380.0,382.0
104511.0,1977.318329636171,381.0,383.0
104768.0,1978.2235237902091,382.0,385.0
104870.0,1978.9252873843184,383.0,386.0
104973.0,1977.8225276963008,384.0,384.0
105230.0,1973.7298716396597,385.0,380.0
105332.0,1976.0873245431899,386.0,381.0
105538.0,1980.8415018764554,387.0,387.0
105949.0,1985.2315210658614,388.0,388.0
106667.0,1993.6304076906417,389.0,389.0
107180.0,2004.3107948095444,390.0,390.0
107334.0,2022.6422372236186,391.0,391.0
107488.0,2038.4240661548968,392.0,392.0
108411.0,2041.0704062386164,393.0,393.0
108462.0,2045.3718975058687,394.0,394.0
108718.0,2046.2300478972506,395.0,395.0
109077.0,2050.9563146502132,396.0,396.0
109231.0,2071.1074091504556,397.0,397.0
109999.0,2071.879495908741,398.0,398.0
110204.0,2074.784845263676,399.0,399.0
110358.0,2075.4767967106236,400.0,400.0
110562.0,2075.9888494349775,401.0,401.0
110614.0,2078.0,402.0,402.0
110818.0,2082.6699661010625,403.0,403.0
111228.0,2082.893079362486,404.0,404.0
111279.0,2084.690460896401,405.0,405.0
111535.0,2087.2762642694524,406.0,406.0
111893.0,2089.1304249982873,407.0,407.0
111944.0,2094.7899331185313,408.0,408.0
112047.0,2097.5941416600735,409.0,409.0
112609.0,2099.429367659041,410.0,410.0
112661.0,2119.3181758904175,411.0,411.0
112712.0,2130.1088064726086,412.0,412.0
112916.0,2132.809515713655,413.0,413.0
112967.0,2134.832417208606,414.0,414.0
113274.0,2139.575270419177,415.0,415.0
113734.0,2142.878253458397,416.0,416.0
114041.0,2145.0752109963178,417.0,417.0
114756.0,2146.1230011643374,418.0,418.0
114807.0,2160.8618361705503,419.0,419.0
114858.0,2173.218165784712,420.0,420.0
115165.0,2174.333048956396,421.0,421.0
115267.0,2175.3146863839115,422.0,422.0
115522.0,2177.0976134561615,423.0,424.0
115624.0,2178.2351251727077,424.0,425.0
115829.0,2176.9514350824666,425.0,423.0
116084.0,2179.5009987799453,426.0,426.0
116492.0,2183.568674440571,427.0,427.0
116697.0,2199.9533678204025,428.0,428.0
117717.0,2205.5760115050084,429.0,429.0
118788.0,2205.6127136380446,430.0,430.0
118890.0,2206.0,431.0,431.0
119145.0,2226.8916210858356,432.0,432.0
119297.0,2240.594704877928,433.0,433.0
119603.0,2244.921971039701,434.0,434.0
119756.0,2251.229008488815,435.0,435.0
119807.0,2254.420579761545,436.0,438.0
120011.0,2258.3458606831255,437.0,441.0
120062.0,2258.2979782056505,438.0,440.0
120367.0,2258.012046067314,439.0,439.0
120775.0,2252.152385659693,440.0,436.0
120826.0,2253.2872452763168,441.0,437.0
121080.0,2258.932166986361,442.0,442.0
121131.0,2263.0135369823843,443.0,443.0
121539.0,2293.380456145455,444.0,446.0
121589.0,2292.6630308445983,445.0,445.0
121742.0,2291.5163008315003,446.0,444.0
121793.0,2298.665052334358,447.0,447.0
121844.0,2305.8108109721497,448.0,448.0
121895.0,2308.090564278709,449.0,449.0
122251.0,2314.6898654031047,450.0,450.0
122811.0,2321.715977756149,451.0,452.0
123116.0,2323.091050207678,452.0,454.0
123472.0,2316.3722517316924,453.0,451.0
123523.0,2322.3295147753483,454.0,453.0
123574.0,2328.2843187003286,455.0,455.0
123624.0,2334.0800162507567,456.0,456.0
123777.0,2337.227706920416,457.0,458.0
124540.0,2365.81909392332,458.0,464.0
124590.0,2365.213399827562,459.0,463.0
124743.0,2361.0539280338626,460.0,462.0
124895.0,2342.49153443789,461.0,461.0
124946.0,2338.612784770884,462.0,459.0
125048.0,2336.21259390897,463.0,457.0
125099.0,2338.7042721896896,464.0,460.0
125251.0,2366.970839452147,465.0,465.0
125302.0,2367.9113110164135,466.0,466.0
125810.0,2381.115924340839,467.0,471.0
125861.0,2380.1767542600596,468.0,470.0
125911.0,2379.360218647234,469.0,469.0
126013.0,2368.769353672068,470.0,468.0
126064.0,2368.5598926827033,471.0,467.0
126673.0,2394.8543550453855,472.0,472.0
126724.0,2397.050614789206,473.0,473.0
127181.0,2400.938327733221,474.0,474.0
127231.0,2410.5811721072064,475.0,475.0
127435.0,2412.946973494995,476.0,476.0
127587.0,2417.4763960570867,477.0,477.0
127840.0,2420.2019511841618,478.0,478.0
128145.0,2426.501773469912,479.0,479.0
128652.0,2430.3036258324414,480.0,480.0
129007.0,2433.3277127009833,481.0,481.0
129109.0,2446.082831889795,482.0,482.0
129210.0,2459.2594667960134,483.0,483.0
129514.0,2460.236683024534,484.0,484.0
129666.0,2461.9303870430904,485.0,485.0
129869.0,2463.575690324153,486.0,486.0
129920.0,2464.068709126517,487.0,487.0
130021.0,2465.0445088016604,488.0,488.0
130123.0,2468.8333148533775,489.0,489.0
130376.0,2473.708127132341,490.0,490.0
130680.0,2477.7009714681735,491.0,491.0
131085.0,2480.154760071822,492.0,492.0
131237.0,2493.369539819095,493.0,493.0
131288.0,2495.2403977939016,494.0,494.0
131440.0,2498.294071654792,495.0,495.0
131642.0,2505.1952609264863,496.0,498.0
131693.0,2506.9009913162613,497.0,499.0
131794.0,2509.2666992078734,498.0,500.0
131946.0,2511.040694116092,499.0,501.0
132199.0,2513.766087522473,500.0,505.0
132301.0,2513.7041539636516,501.0,504.0
132453.0,2512.515723518242,502.0,502.0
132554.0,2513.6455515995312,503.0,503.0
132655.0,2516.7413586155594,504.0,506.0
132756.0,2521.214632062114,505.0,512.0
132858.0,2523.379813227544,506.0,514.0
133111.0,2517.5549884217357,507.0,510.0
133212.0,2516.9765439645694,508.0,507.0
133364.0,2517.2451987243307,509.0,508.0
133465.0,2517.4235434693837,510.0,509.0
133768.0,2518.333092773115,511.0,511.0
134325.0,2523.13438114098,512.0,513.0
134477.0,2527.5874253467573,513.0,515.0
134679.0,2542.7088525007475,514.0,517.0
134780.0,2544.809806589541,515.0,519.0
135134.0,2553.0050072734384,516.0,521.0
135286.0,2565.3873321260667,517.0,524.0
135336.0,2566.1513096729914,518.0,525.0
135640.0,2568.46025363971,519.0,528.0
135842.0,2570.7806392335697,520.0,531.0
135892.0,2569.091050070167,521.0,530.0
135943.0,2568.5308022318936,522.0,529.0
136246.0,2564.584206400107,523.0,523.0
136448.0,2564.2026321366075,524.0,522.0
136751.0,2566.5316621535194,525.0,526.0
136903.0,2567.326223860348,526.0,527.0
137105.0,2548.0523625406427,527.0,520.0
137206.0,2536.882802148025,528.0,516.0
137408.0,2500.7675185365583,529.0,497.0
137509.0,2498.397885174665,530.0,496.0
137913.0,2543.703525829641,531.0,518.0
137963.0,2574.76951023835,532.0,532.0
138014.0,2579.746313314711,533.0,533.0
138317.0,2594.139241663832,534.0,538.0
138519.0,2593.1032833588224,535.0,535.0
138620.0,2592.5858705891937,536.0,534.0
138670.0,2593.32967419651,537.0,536.0
139023.0,2596.400629583827,538.0,540.0
139326.0,2599.4039705267437,539.0,542.0
139427.0,2601.6002458386006,540.0,543.0
139528.0,2609.976992008523,541.0,544.0
139629.0,2616.408890467535,542.0,545.0
139831.0,2629.38251837824,543.0,547.0
139982.0,2633.513382524024,544.0,548.0
140234.0,2645.6924750862336,545.0,549.0
140285.0,2649.317202413983,546.0,550.0
140385.0,2667.7107008759936,547.0,552.0
140436.0,2671.324919696374,548.0,553.0
140587.0,2675.144447492528,549.0,554.0
140839.0,2676.68150402848,550.0,555.0
141545.0,2678.7087548235813,551.0,557.0
141898.0,2678.584701997035,552.0,556.0
142251.0,2702.9188390176973,553.0,561.0
142301.0,2700.748806272004,554.0,560.0
142654.0,2599.224305443659,555.0,541.0
142704.0,2594.146629889205,556.0,539.0
142855.0,2593.729097227168,557.0,537.0
143157.0,2618.812154996044,558.0,546.0
143308.0,2660.9345078409096,559.0,551.0
143409.0,2686.2939410258364,560.0,558.0
143560.0,2696.590604578727,561.0,559.0
144064.0,2736.7319208912822,562.0,566.0
144215.0,2742.2377567257736,563.0,567.0
144567.0,2752.3890449140067,564.0,570.0
144718.0,2742.4094133543167,565.0,568.0
144970.0,2725.777830597238,566.0,565.0
145473.0,2715.96347274515,567.0,564.0
145775.0,2711.503448538458,568.0,562.0
145976.0,2714.54561441553,569.0,563.0
146177.0,2749.5891965935652,570.0,569.0
146227.0,2758.2990213535923,571.0,571.0
146328.0,2760.5289983310863,572.0,572.0
147132.0,2776.5408232762948,573.0,573.0
147233.0,2776.9627937830455,574.0,574.0
147384.0,2777.593121000206,575.0,575.0
147886.0,2780.758312476038,576.0,576.0
148188.0,2782.853187954984,577.0,577.0
148690.0,2784.116873216412,578.0,578.0
148841.0,2792.607996732149,579.0,579.0
149594.0,2794.315902001236,580.0,580.0
150147.0,2813.656206154775,581.0,581.0
150348.0,2837.342617714644,582.0,582.0
150448.0,2868.000857853515,583.0,583.0
150699.0,2878.507843415468,584.0,584.0
150900.0,2880.593255788901,585.0,585.0
151753.0,2885.740814295481,586.0,586.0
152054.0,2892.452234231105,587.0,589.0
152154.0,2905.8054278775035,588.0,592.0
152204.0,2907.408310699468,589.0,593.0
152505.0,2918.7962331034487,590.0,595.0
152655.0,2919.486566744226,591.0,596.0
153057.0,2912.3810544274793,592.0,594.0
153207.0,2889.71604240388,593.0,588.0
153257.0,2889.242047415205,594.0,587.0
153859.0,2900.078508735218,595.0,590.0
153909.0,2900.755323983364,596.0,591.0
154209.0,2923.980985888488,597.0,597.0
154259.0,2927.847536225521,598.0,598.0
154360.0,2931.845446762061,599.0,599.0
154510.0,2939.2130668683913,600.0,600.0
154560.0,2941.9579145132884,601.0,601.0
154761.0,2947.3922142661127,602.0,602.0
154861.0,2950.0932173536107,603.0,603.0
155011.0,2956.3361476751193,604.0,604.0
155161.0,2962.585122038652,605.0,605.0
155512.0,2968.75753031735,606.0,606.0
157064.0,2975.0,607.0,607.0
158515.0,2977.1884570469724,608.0,608.0
158565.0,3012.3906016526885,609.0,609.0
158665.0,3025.5943938499604,610.0,610.0
159215.0,3028.0,611.0,611.0
159265.0,3062.194633832421,612.0,612.0
159715.0,3062.8855435343676,613.0,613.0
159815.0,3065.157303020948,614.0,614.0
160464.0,3076.9680323153293,615.0,615.0
160564.0,3077.5759112947235,616.0,616.0
160614.0,3077.8797088279616,617.0,617.0
161863.0,3078.857452095784,618.0,618.0
161963.0,3083.645389763287,619.0,620.0
162063.0,3084.7283002793147,620.0,622.0
162263.0,3083.3514963490934,621.0,619.0
162462.0,3083.7645246789584,622.0,621.0
162862.0,3103.0893816162475,623.0,623.0
162912.0,3105.501650796531,624.0,624.0
162962.0,3117.0869076026747,625.0,625.0
163161.0,3122.295775021536,626.0,626.0
163211.0,3127.8635578614662,627.0,627.0
163610.0,3128.562234538613,628.0,628.0
164159.0,3133.785525574386,629.0,629.0
164708.0,3137.2698272827142,630.0,630.0
165207.0,3140.409645335103,631.0,631.0
165257.0,3151.633568975039,632.0,632.0
165955.0,3152.4393936344018,633.0,633.0
166653.0,3178.134923631959,634.0,634.0
167898.0,3183.0605376065105,635.0,635.0
167998.0,3185.6554984014947,636.0,636.0
169193.0,3194.47530620155,637.0,638.0
169392.0,3194.449133741646,638.0,637.0
170039.0,3195.497427961815,639.0,639.0
171532.0,3197.901300690963,640.0,640.0
171730.0,3224.7042797146332,641.0,641.0
171830.0,3263.8348041508843,642.0,642.0
172029.0,3281.1135430246445,643.0,643.0
172277.0,3294.893926441772,644.0,644.0
172427.0,3315.467444489507,645.0,645.0
173222.0,3332.950406185334,646.0,649.0
173371.0,3338.4522992841603,647.0,651.0
173619.0,3336.260073093578,648.0,650.0
174017.0,3332.7484403992826,649.0,648.0
174613.0,3321.6724112106667,650.0,646.0
174911.0,3322.4043426076178,651.0,647.0
175557.0,3343.2480980469704,652.0,652.0
175755.0,3349.621386588812,653.0,653.0
176103.0,3350.3811794774247,654.0,654.0
176500.0,3351.0486045123803,655.0,655.0
176897.0,3365.056805444783,656.0,656.0
177294.0,3379.0964795387863,657.0,657.0
177790.0,3400.5183165822727,658.0,658.0
178286.0,3407.85837720821,659.0,659.0
178831.0,3414.5580344873897,660.0,660.0
179525.0,3442.4706802177893,661.0,661.0
180318.0,3450.565605257874,662.0,662.0
182201.0,3477.4533434761743,663.0,663.0
183191.0,3479.4441431013556,664.0,664.0
183884.0,3482.301245658964,665.0,665.0
184131.0,3557.145298800659,666.0,666.0
185170.0,3557.653196788462,667.0,667.0
185269.0,3571.138429769143,668.0,668.0
185664.0,3572.751833690223,669.0,669.0
185912.0,3573.9262896442497,670.0,670.0
186208.0,3574.312366550366,671.0,671.0
186604.0,3578.573608182437,672.0,672.0
186703.0,3579.4867572457874,673.0,673.0
187147.0,3583.5761459790524,674.0,674.0
187246.0,3594.6705785362356,675.0,675.0
187691.0,3597.1423633758027,676.0,676.0
187938.0,3603.9154650265564,677.0,677.0
189222.0,3627.853677037162,678.0,678.0
189716.0,3637.0203063815675,679.0,679.0
189864.0,3638.7425153712547,680.0,680.0
190999.0,3646.29604091756,681.0,681.0
191147.0,3704.418722980213,682.0,682.0
192035.0,3709.038580069644,683.0,683.0
192726.0,3709.630907024685,684.0,684.0
192775.0,3711.878907314017,685.0,685.0
193514.0,3739.4472452704363,686.0,687.0
193810.0,3742.5996696937705,687.0,689.0
194303.0,3739.436597373291,688.0,686.0
194352.0,3741.995270763144,689.0,688.0
194500.0,3745.9289890333575,690.0,690.0
194599.0,3746.154659764805,691.0,691.0
195042.0,3747.1630750299646,692.0,692.0
195732.0,3749.7804478698667,693.0,693.0
196224.0,3753.462258601561,694.0,694.0
196273.0,3821.927797070529,695.0,695.0
197553.0,3824.5576087775,696.0,696.0
197652.0,3830.575893368557,697.0,697.0
197898.0,3834.4738855230835,698.0,698.0
199521.0,3860.0703212426824,699.0,699.0
200751.0,3863.0304395095795,700.0,700.0
201242.0,3870.4777097382175,701.0,701.0
201537.0,3890.4714933241116,702.0,702.0
202028.0,3898.095517326215,703.0,703.0
202372.0,3909.0,704.0,704.0
202765.0,3912.27962759212,705.0,705.0
202913.0,3963.317027821399,706.0,706.0
204533.0,3966.0236128630468,707.0,707.0
205024.0,3989.7686256184093,708.0,708.0
206447.0,3990.4397648787353,709.0,709.0
206496.0,3991.970733615288,710.0,710.0
207133.0,4005.013178637234,711.0,711.0
207231.0,4007.01614790606,712.0,712.0
208898.0,4007.668159683703,713.0,713.0
208947.0,4012.674926501579,714.0,714.0
209045.0,4022.6849387016086,715.0,715.0
209094.0,4038.470330319269,716.0,716.0
209878.0,4039.4588815856796,717.0,717.0
210662.0,4050.433585741498,718.0,718.0
211886.0,4051.7499635433005,719.0,719.0
212033.0,4051.907546207318,720.0,720.0
212131.0,4077.2800364781924,721.0,721.0
212229.0,4089.9395697553045,722.0,722.0
212522.0,4099.497691743514,723.0,723.0
213305.0,4110.863351031519,724.0,726.0
214088.0,4107.7333880810365,725.0,724.0
214333.0,4108.483373309236,726.0,725.0
215115.0,4110.871481383623,727.0,727.0
215164.0,4179.014537614901,728.0,728.0
215653.0,4184.832119011807,729.0,729.0
216093.0,4185.710891115591,730.0,730.0
216533.0,4186.587875717041,731.0,731.0
216630.0,4198.253715794784,732.0,732.0
216728.0,4209.805714787939,733.0,733.0
217754.0,4213.1479555454425,734.0,734.0
218975.0,4218.330054983315,735.0,735.0
219268.0,4224.52974097649,736.0,736.0
219561.0,4230.721148079544,737.0,737.0
219659.0,4243.03457810658,738.0,738.0
220147.0,4245.510655252831,739.0,739.0
220684.0,4284.692438433274,740.0,740.0
221367.0,4294.9185907731335,741.0,741.0
223171.0,4311.12247233769,742.0,746.0
224244.0,4316.828345476591,743.0,747.0
224536.0,4302.752949917246,744.0,744.0
224585.0,4302.593000425622,745.0,743.0
225462.0,4302.480397475175,746.0,742.0
226046.0,4302.984512705934,747.0,745.0
226874.0,4324.301675551286,748.0,748.0
226923.0,4325.560759078794,749.0,749.0
227215.0,4353.392091198876,750.0,750.0
227653.0,4371.976134244067,751.0,751.0
227897.0,4383.895793614949,752.0,752.0
228237.0,4392.460867420951,753.0,753.0
228578.0,4414.067914117224,754.0,754.0
229405.0,4426.980470438004,755.0,755.0
229940.0,4437.141835750432,756.0,756.0
230329.0,4451.145093109868,757.0,757.0
230524.0,4476.0226122666545,758.0,758.0
231107.0,4476.7286270692575,759.0,759.0
231399.0,4477.081570842651,760.0,760.0
231448.0,4487.9142776317785,761.0,761.0
231545.0,4493.388195804368,762.0,762.0
231593.0,4494.9032517124315,763.0,763.0
233294.0,4533.243640560126,764.0,764.0
233537.0,4538.6980067066315,765.0,765.0
234023.0,4539.291197281236,766.0,766.0
234849.0,4543.506262072472,767.0,767.0
235188.0,4553.802124362402,768.0,768.0
235965.0,4561.0,769.0,769.0
236451.0,4599.318377064332,770.0,770.0
237178.0,4603.525173523897,771.0,771.0
239264.0,4605.0,772.0,772.0
239555.0,4642.68831661167,773.0,773.0
241300.0,4649.0,774.0,774.0
242753.0,4672.485971042518,775.0,775.0
243140.0,4687.808188059191,776.0,776.0
243237.0,4753.35578845299,777.0,777.0
243770.0,4765.3001606781345,778.0,778.0
244835.0,4776.64273886093,779.0,779.0
245367.0,4786.751142842537,780.0,780.0
246093.0,4786.85622765715,781.0,781.0
246625.0,4796.159523242692,782.0,782.0
246770.0,4804.213957422281,783.0,783.0
247592.0,4823.695918983141,784.0,784.0
248752.0,4879.552493438022,785.0,790.0
248800.0,4879.9868967813845,786.0,791.0
249284.0,4878.47333519568,787.0,789.0
249912.0,4876.513832047247,788.0,788.0
250008.0,4858.473562936756,789.0,785.0
250153.0,4858.90189666345,790.0,786.0
250540.0,4874.457189958554,791.0,787.0
251071.0,4895.761442615631,792.0,792.0
251989.0,4916.4812611043435,793.0,793.0
253967.0,4972.0,794.0,794.0
256475.0,4986.371474678305,795.0,795.0
257054.0,5023.203472344215,796.0,796.0
258451.0,5032.595147489411,797.0,797.0
259608.0,5037.774506910562,798.0,798.0
259752.0,5048.294033975836,799.0,799.0
259945.0,5051.017267272169,800.0,800.0
260041.0,5052.371076020995,801.0,801.0
260474.0,5060.044039613645,802.0,802.0
260667.0,5063.361912859807,803.0,803.0
261726.0,5070.984805473011,804.0,804.0
262881.0,5079.2636399619205,805.0,805.0
263314.0,5089.212688175055,806.0,806.0
264372.0,5093.29599613455,807.0,807.0
264805.0,5142.496048882824,808.0,808.0
265911.0,5170.0,809.0,809.0
266487.0,5217.974868130886,810.0,810.0
267256.0,5230.1421385610565,811.0,811.0
268169.0,5240.422657930461,812.0,812.0
268313.0,5270.089575049864,813.0,813.0
268793.0,5271.073766114792,814.0,814.0
268889.0,5276.0,815.0,815.0
271002.0,5276.8850094146865,816.0,816.0
271050.0,5316.0,817.0,817.0
271338.0,5328.898448261442,818.0,818.0
271673.0,5340.0,819.0,819.0
272681.0,5363.0,820.0,820.0
275749.0,5390.0,821.0,821.0
275893.0,5434.0,822.0,822.0
276133.0,5446.0,823.0,823.0
277378.0,5454.361098590284,824.0,824.0
278144.0,5456.438892469795,825.0,825.0
278767.0,5459.0,826.0,826.0
279198.0,5499.0,827.0,827.0
281638.0,5551.0,828.0,828.0
281734.0,5552.999659243369,829.0,829.0
281782.0,5557.0,830.0,830.0
281829.0,5557.50522102711,831.0,831.0
281877.0,5558.0,832.0,832.0
282451.0,5558.043338216659,833.0,833.0
282547.0,5558.302772372641,834.0,834.0
283360.0,5567.552951790948,835.0,835.0
284746.0,5573.0,836.0,836.0
285272.0,5590.0,837.0,837.0
286944.0,5602.119097004584,838.0,838.0
287278.0,5639.170033226772,839.0,839.0
287517.0,5645.877063844484,840.0,840.0
287564.0,5660.590608031267,841.0,841.0
287612.0,5674.526943565736,842.0,842.0
288662.0,5675.165248677207,843.0,843.0
289235.0,5710.821785877108,844.0,844.0
290428.0,5726.234582772559,845.0,845.0
291144.0,5734.149894669753,846.0,846.0
291430.0,5734.559289635848,847.0,847.0
291478.0,5768.57741328635,848.0,848.0
292002.0,5778.947724528893,849.0,849.0
292241.0,5804.076475434691,850.0,850.0
293385.0,5809.015631063226,851.0,851.0
294291.0,5815.274103601759,852.0,852.0
295529.0,5816.334937525321,853.0,853.0
295672.0,5837.490401858262,854.0,854.0
296006.0,5838.687990512642,855.0,855.0
296387.0,5839.739113773515,856.0,856.0
296815.0,5843.111774015845,857.0,857.0
297530.0,5849.896297655481,858.0,858.0
298006.0,5868.279906095635,859.0,862.0
298196.0,5875.132316618186,860.0,863.0
298529.0,5879.21876494584,861.0,864.0
298958.0,5879.7128990260935,862.0,865.0
299386.0,5850.222551102966,863.0,860.0
299433.0,5850.181199451517,864.0,859.0
299957.0,5854.605393514777,865.0,861.0
300385.0,5925.999526152711,866.0,866.0
300433.0,5934.0,867.0,867.0
300766.0,5954.0,868.0,868.0
301764.0,5957.652523648155,869.0,869.0
302002.0,5973.0,870.0,870.0
302383.0,5979.0,871.0,871.0
304901.0,6037.0,872.0,872.0
305709.0,6050.0,873.0,873.0
305899.0,6063.0,874.0,874.0
306421.0,6078.0,875.0,875.0
306896.0,6080.0,876.0,876.0
307846.0,6081.96569179666,877.0,877.0
308463.0,6085.0,878.0,878.0
308748.0,6125.0,879.0,879.0
309507.0,6126.333257255134,880.0,880.0
309602.0,6137.0,881.0,881.0
309649.0,6152.0,882.0,882.0
310361.0,6160.0,883.0,883.0
310835.0,6163.0,884.0,884.0
311072.0,6166.0,885.0,885.0
311784.0,6187.0,886.0,886.0
312874.0,6204.0,887.0,887.0
313585.0,6209.0,888.0,888.0
313775.0,6219.0,889.0,889.0
313964.0,6228.0,890.0,890.0
314912.0,6242.0,891.0,891.0
315859.0,6260.0,892.0,892.0
315907.0,6271.0,893.0,893.0
316712.0,6282.0,894.0,894.0
316854.0,6288.3215105591935,895.0,895.0
317185.0,6291.035482138707,896.0,896.0
317327.0,6293.552270749361,897.0,897.0
317375.0,6301.0,898.0,898.0
317848.0,6304.0,899.0,899.0
318463.0,6326.0,900.0,900.0
318605.0,6334.0,901.0,901.0
319031.0,6349.0,902.0,902.0
319552.0,6349.0,903.0,903.0
320167.0,6352.935449501855,904.0,904.0
320309.0,6367.594854208552,905.0,905.0
320782.0,6400.2187602712165,906.0,906.0
323004.0,6407.192620620172,907.0,907.0
323146.0,6408.885089034526,908.0,908.0
323193.0,6430.082408143964,909.0,909.0
323713.0,6433.7894769648765,910.0,910.0
323902.0,6451.548537921133,911.0,911.0
324942.0,6454.782027732854,912.0,912.0
325320.0,6455.811780275721,913.0,913.0
325556.0,6457.452136122326,914.0,914.0
325840.0,6458.807284203693,915.0,915.0
325887.0,6467.0,916.0,916.0
326406.0,6476.602527904685,917.0,917.0
326595.0,6510.640782082355,918.0,918.0
327162.0,6516.913692468454,919.0,919.0
327681.0,6518.788753019051,920.0,920.0
328153.0,6520.491433601406,921.0,921.0
328248.0,6523.637697783916,922.0,922.0
328625.0,6524.431092993126,923.0,923.0
328956.0,6533.489134177466,924.0,924.0
329286.0,6553.0,925.0,925.0
329475.0,6557.971487434356,926.0,926.0
329758.0,6561.294046873515,927.0,927.0
329852.0,6585.74918485171,928.0,928.0
330560.0,6589.0,929.0,929.0
331173.0,6596.0,930.0,930.0
331220.0,6596.0,931.0,931.0
331645.0,6598.9874835758455,932.0,932.0
331786.0,6608.0,933.0,933.0
332305.0,6616.0,934.0,934.0
333484.0,6651.0,935.0,935.0
334144.0,6665.0,936.0,936.0
334662.0,6683.0,937.0,937.0
336641.0,6714.0,938.0,938.0
337253.0,6714.997576342243,939.0,939.0
337300.0,6716.857057255471,940.0,940.0
337912.0,6717.0,941.0,941.0
338289.0,6735.0,942.0,942.0
339230.0,6739.963068450491,943.0,943.0
339654.0,6751.0,944.0,944.0
341253.0,6812.0,945.0,945.0
341959.0,6821.0,946.0,946.0
342241.0,6821.499793985937,947.0,947.0
342335.0,6823.0,948.0,948.0
343934.0,6831.826483292636,949.0,949.0
344545.0,6855.0,950.0,950.0
345250.0,6888.0,951.0,951.0
345579.0,6906.8455029901015,952.0,952.0
346518.0,6913.460569449845,953.0,953.0
346612.0,6919.229502361292,954.0,954.0
346706.0,6926.613750024936,955.0,955.0
346800.0,6927.963735492715,956.0,956.0
347035.0,6928.503985836309,957.0,957.0
347082.0,6938.482133362084,958.0,958.0
347599.0,6938.508150099658,959.0,959.0
347693.0,6938.651368037128,960.0,960.0
347740.0,6951.327224037728,961.0,961.0
348068.0,6953.144560759347,962.0,962.0
349430.0,6957.0,963.0,963.0
349524.0,6981.0,964.0,964.0
349993.0,6994.0,965.0,965.0
350369.0,6997.0,966.0,966.0
350885.0,7004.170722896697,967.0,967.0
351119.0,7007.273201015009,968.0,968.0
351213.0,7015.0,969.0,969.0
351495.0,7015.0,970.0,970.0
351776.0,7022.739155725814,971.0,971.0
352011.0,7032.0,972.0,972.0
352855.0,7064.0,973.0,973.0
353699.0,7075.0,974.0,974.0
354731.0,7080.208160644907,975.0,975.0
354918.0,7095.590233282896,976.0,976.0
355059.0,7104.05466616252,977.0,977.0
356324.0,7105.0,978.0,978.0
356699.0,7139.0,979.0,979.0
356980.0,7146.0,980.0,980.0
357261.0,7146.999606730053,981.0,981.0
357542.0,7148.0,982.0,982.0
357964.0,7151.0,983.0,983.0
358432.0,7167.0,984.0,984.0
359135.0,7175.0,985.0,985.0
359181.0,7191.0,986.0,986.0
359322.0,7205.0,987.0,987.0
361990.0,7237.0,988.0,988.0
362738.0,7242.618131590804,989.0,989.0
362926.0,7246.591228904125,990.0,990.0
363159.0,7249.798849636968,991.0,991.0
363627.0,7293.238317179402,992.0,992.0
364563.0,7295.028032567754,993.0,993.0
364750.0,7324.735886581321,994.0,994.0
365544.0,7326.454623894497,995.0,995.0
365731.0,7334.984329927514,996.0,999.0
365872.0,7333.293520588692,997.0,998.0
366059.0,7331.9274390077935,998.0,996.0
366386.0,7332.70145498931,999.0,997.0
367227.0,7340.896416446289,1000.0,1000.0
367648.0,7344.991723015942,1001.0,1001.0
367881.0,7374.0,1002.0,1002.0
367975.0,7375.0,1003.0,1003.0
368302.0,7378.983944723401,1004.0,1004.0
368395.0,7382.510286705586,1005.0,1005.0
368489.0,7386.0,1006.0,1006.0
369283.0,7420.0,1007.0,1007.0
370917.0,7438.4845503001625,1008.0,1008.0
371944.0,7445.525261144956,1009.0,1009.0
373064.0,7452.0,1010.0,1010.0
373997.0,7473.9882475675695,1011.0,1011.0
374464.0,7482.749905727206,1012.0,1012.0
374604.0,7512.0,1013.0,1013.0
375536.0,7515.5942098003825,1014.0,1014.0
376049.0,7522.1366220615955,1015.0,1015.0
376189.0,7552.844664563865,1016.0,1016.0
376516.0,7576.154899843746,1017.0,1017.0
377588.0,7583.2786028106,1018.0,1018.0
378101.0,7608.10987822733,1019.0,1019.0
379405.0,7610.50822052553,1020.0,1020.0
380384.0,7612.303405291435,1021.0,1021.0
380430.0,7621.017361740522,1022.0,1022.0
380616.0,7623.173083356324,1023.0,1023.0
380896.0,7637.5321237560765,1024.0,1024.0
381175.0,7666.707773371883,1025.0,1025.0
381967.0,7675.451474015615,1026.0,1026.0
382479.0,7706.4630587859765,1027.0,1027.0
383503.0,7720.590031681887,1028.0,1028.0
385039.0,7722.683386344663,1029.0,1029.0
385272.0,7725.374304720594,1030.0,1030.0
385737.0,7734.005529477217,1031.0,1034.0
385876.0,7749.019386742438,1032.0,1036.0
385923.0,7749.376791343241,1033.0,1037.0
386760.0,7744.515768086973,1034.0,1035.0
386853.0,7731.712783573983,1035.0,1032.0
386900.0,7731.455104686942,1036.0,1031.0
387458.0,7732.447231404164,1037.0,1033.0
388202.0,7768.519196881908,1038.0,1045.0
388295.0,7778.6297409900235,1039.0,1048.0
388434.0,7780.874150179259,1040.0,1049.0
388806.0,7760.81587335604,1041.0,1040.0
388852.0,7760.867583888879,1042.0,1041.0
389038.0,7763.452147092338,1043.0,1043.0
389364.0,7768.380619170547,1044.0,1044.0
389596.0,7782.594589955121,1045.0,1050.0
389689.0,7782.620608610522,1046.0,1051.0
389828.0,7777.599706320815,1047.0,1047.0
389921.0,7790.335362231185,1048.0,1052.0
390014.0,7792.936322862542,1049.0,1053.0
390711.0,7792.966954957314,1050.0,1054.0
391176.0,7772.648294070038,1051.0,1046.0
391455.0,7761.356708424356,1052.0,1042.0
391873.0,7755.704530711111,1053.0,1039.0
392755.0,7751.628104404285,1054.0,1038.0
393963.0,7824.534266687014,1055.0,1055.0
394009.0,7827.3060743811375,1056.0,1056.0
394473.0,7835.365873994525,1057.0,1057.0
394659.0,7842.80081988737,1058.0,1058.0
395030.0,7846.5526751472535,1059.0,1059.0
395495.0,7849.549259687469,1060.0,1060.0
395541.0,7871.2860774441815,1061.0,1061.0
395912.0,7873.982629048975,1062.0,1062.0
396283.0,7899.694267859175,1063.0,1063.0
396376.0,7903.941132506517,1064.0,1064.0
397907.0,7920.923338278611,1065.0,1065.0
398046.0,7922.461921593757,1066.0,1066.0
398557.0,7936.10614799374,1067.0,1067.0
398742.0,7973.82664638758,1068.0,1068.0
398928.0,8005.527923144582,1069.0,1069.0
399670.0,8014.7043729066,1070.0,1070.0
399855.0,8032.352612233806,1071.0,1072.0
400087.0,8035.450302797259,1072.0,1074.0
401014.0,8029.822099984354,1073.0,1071.0
401060.0,8034.273291011923,1074.0,1073.0
401153.0,8043.270878831531,1075.0,1075.0
401431.0,8052.727450061548,1076.0,1076.0
402636.0,8056.178182512282,1077.0,1077.0
402821.0,8077.201578455896,1078.0,1078.0
403099.0,8078.278752675692,1079.0,1079.0
403285.0,8086.501933625316,1080.0,1080.0
403377.0,8095.955431586747,1081.0,1081.0
403516.0,8099.977919984299,1082.0,1082.0
403979.0,8115.336259523845,1083.0,1083.0
404165.0,8145.222213285293,1084.0,1089.0
404211.0,8146.619981949409,1085.0,1090.0
404535.0,8140.982328359666,1086.0,1088.0
404813.0,8119.005221213903,1087.0,1086.0
404906.0,8117.342213103511,1088.0,1084.0
405091.0,8118.5154927473895,1089.0,1085.0
405786.0,8129.68156156577,1090.0,1087.0
406295.0,8165.947391551601,1091.0,1094.0
406480.0,8178.44340284047,1092.0,1097.0
406804.0,8201.361706623497,1093.0,1103.0
407035.0,8203.746549826255,1094.0,1104.0
407776.0,8197.372070322708,1095.0,1101.0
407961.0,8197.886291817242,1096.0,1102.0
409072.0,8253.917716457083,1097.0,1109.0
409164.0,8254.464443278488,1098.0,1110.0
410136.0,8255.578489390158,1099.0,1111.0
410737.0,8250.70479267719,1100.0,1108.0
411523.0,8158.1606739733825,1101.0,1093.0
411569.0,8166.894086296933,1102.0,1095.0
411662.0,8177.1764476426515,1103.0,1096.0
411893.0,8192.30023880261,1104.0,1099.0
412263.0,8207.99399924585,1105.0,1106.0
412725.0,8216.392574395746,1106.0,1107.0
413696.0,8274.318682951896,1107.0,1113.0
413742.0,8274.673727844623,1108.0,1114.0
414712.0,8297.922441114762,1109.0,1115.0
414943.0,8335.33058041757,1110.0,1117.0
415036.0,8339.082878253988,1111.0,1118.0
415452.0,8396.842612285554,1112.0,1125.0
415498.0,8397.364634992568,1113.0,1126.0
415960.0,8399.301002079821,1114.0,1127.0
416329.0,8400.050254709971,1115.0,1129.0
416606.0,8387.823468756678,1116.0,1124.0
417022.0,8207.820215443915,1117.0,1105.0
417068.0,8149.351301134141,1118.0,1092.0
417114.0,8146.81256731282,1119.0,1091.0
417484.0,8179.086784181081,1120.0,1098.0
417669.0,8194.168856515806,1121.0,1100.0
417899.0,8256.27832728262,1122.0,1112.0
417992.0,8310.676014554192,1123.0,1116.0
418084.0,8377.68542293706,1124.0,1122.0
418177.0,8384.216518978013,1125.0,1123.0
418961.0,8399.41674142831,1126.0,1128.0
419331.0,8375.240305982177,1127.0,1121.0
419515.0,8368.941987504331,1128.0,1119.0
420069.0,8371.345038210047,1129.0,1120.0
420254.0,8406.779801643892,1130.0,1130.0
420346.0,8424.395606726996,1131.0,1131.0
420761.0,8428.01268504091,1132.0,1132.0
421592.0,8435.244845696021,1133.0,1133.0
421638.0,8441.265878876733,1134.0,1134.0
421869.0,8442.465266336256,1135.0,1135.0
422284.0,8448.071589173753,1136.0,1136.0
422468.0,8460.725258034881,1137.0,1137.0
422514.0,8468.147128075629,1138.0,1138.0
422976.0,8481.897231990999,1139.0,1139.0
425235.0,8542.456080805438,1140.0,1141.0
426157.0,8601.652753476677,1141.0,1151.0
426433.0,8605.608923865648,1142.0,1152.0
427677.0,8605.947198271188,1143.0,1153.0
427862.0,8582.524126125396,1144.0,1150.0
427954.0,8580.01990431825,1145.0,1147.0
428507.0,8564.978687703026,1146.0,1144.0
428921.0,8576.63058874174,1147.0,1146.0
429151.0,8629.001190278968,1148.0,1155.0
429244.0,8646.61101230676,1149.0,1162.0
429382.0,8654.92032595022,1150.0,1163.0
429796.0,8664.854579829316,1151.0,1165.0
430533.0,8690.922054046443,1152.0,1174.0
430671.0,8668.945123988246,1153.0,1167.0
430809.0,8546.987130311301,1154.0,1143.0
430855.0,8544.731393958424,1155.0,1142.0
431592.0,8531.323394358687,1156.0,1140.0
432052.0,8565.984857898813,1157.0,1145.0
432190.0,8634.481812040312,1158.0,1158.0
432236.0,8634.758445709884,1159.0,1159.0
432650.0,8637.246824745276,1160.0,1160.0
432742.0,8630.145617472645,1161.0,1156.0
433249.0,8617.073297909736,1162.0,1154.0
433571.0,8637.296639135964,1163.0,1161.0
433755.0,8774.482736948012,1164.0,1184.0
433801.0,8776.593837775285,1165.0,1185.0
434629.0,8788.187773732705,1166.0,1187.0
435503.0,8758.393014800662,1167.0,1181.0
435733.0,8582.268664638483,1168.0,1149.0
435779.0,8580.976749677078,1169.0,1148.0
436285.0,8631.479156480067,1170.0,1157.0
436423.0,8696.92909624902,1171.0,1175.0
436515.0,8703.421170065745,1172.0,1176.0
436744.0,8677.104566170558,1173.0,1171.0
436790.0,8676.699245268283,1174.0,1170.0
436928.0,8679.014143429786,1175.0,1172.0
437250.0,8669.40018855305,1176.0,1168.0
437434.0,8658.583817558127,1177.0,1164.0
437480.0,8667.251269772598,1178.0,1166.0
437526.0,8673.666297960479,1179.0,1169.0
437756.0,8687.278187398664,1180.0,1173.0
438445.0,8726.57769807303,1181.0,1179.0
438951.0,8772.923662114541,1182.0,1183.0
439181.0,8785.715795676022,1183.0,1186.0
439456.0,8762.625898919172,1184.0,1182.0
439502.0,8712.929991733332,1185.0,1177.0
439548.0,8717.12992956802,1186.0,1178.0
439686.0,8745.979695356715,1187.0,1180.0
439916.0,8794.042522527727,1188.0,1188.0
440330.0,8829.79946773556,1189.0,1189.0
441294.0,8838.281379389991,1190.0,1190.0
441386.0,8879.712298564202,1191.0,1191.0
441524.0,8880.609743074212,1192.0,1192.0
442351.0,8880.759661658809,1193.0,1193.0
442672.0,8892.839537170723,1194.0,1194.0
442810.0,8898.956307248316,1195.0,1195.0
442993.0,8912.430696212528,1196.0,1196.0
443039.0,8936.39605420995,1197.0,1197.0
443131.0,8940.82405315352,1198.0,1198.0
443912.0,8943.92293904808,1199.0,1199.0
444049.0,8955.326549490703,1200.0,1202.0
444233.0,8985.623309116638,1201.0,1207.0
444325.0,8989.932323114452,1202.0,1208.0
444692.0,8999.325774705821,1203.0,1212.0
445105.0,8995.64131046855,1204.0,1210.0
445197.0,8993.27441962231,1205.0,1209.0
445610.0,8976.109137157451,1206.0,1204.0
445748.0,8975.143693519327,1207.0,1203.0
446161.0,8998.28019745502,1208.0,1211.0
446252.0,9003.310380849254,1209.0,1213.0
446574.0,9009.746593324578,1210.0,1215.0
446803.0,9005.00144394467,1211.0,1214.0
447262.0,8946.543790518679,1212.0,1200.0
447354.0,8947.229319608387,1213.0,1201.0
447812.0,9013.446728208126,1214.0,1218.0
447904.0,9018.867402650889,1215.0,1219.0
448271.0,9010.610869101103,1216.0,1216.0
448454.0,8980.383793147495,1217.0,1205.0
448546.0,8980.697074559428,1218.0,1206.0
448730.0,9012.436431911594,1219.0,1217.0
448776.0,9020.369237718127,1220.0,1220.0
449509.0,9038.089920165354,1221.0,1221.0
450197.0,9056.999525309318,1222.0,1222.0
450472.0,9067.04785004225,1223.0,1223.0
451481.0,9075.881734349854,1224.0,1226.0
451572.0,9075.259753815077,1225.0,1225.0
451985.0,9073.180302244746,1226.0,1224.0
452214.0,9082.687918704192,1227.0,1227.0
452260.0,9084.59716488044,1228.0,1228.0
452443.0,9097.94038553378,1229.0,1229.0
452489.0,9105.466074441483,1230.0,1230.0
452718.0,9117.696677176895,1231.0,1231.0
452764.0,9120.152733278057,1232.0,1232.0
452810.0,9145.648350552607,1233.0,1235.0
452901.0,9172.795827243835,1234.0,1240.0
453039.0,9183.809654265546,1235.0,1241.0
453497.0,9228.632640537033,1236.0,1247.0
453588.0,9230.343636528985,1237.0,1249.0
454047.0,9232.584494388631,1238.0,1250.0
455283.0,9234.252870220631,1239.0,1251.0
455375.0,9235.980789842573,1240.0,1253.0
455512.0,9193.54470840302,1241.0,1243.0
455558.0,9160.197877410359,1242.0,1238.0
455604.0,9156.385090860564,1243.0,1237.0
455924.0,9150.856369743191,1244.0,1236.0
456840.0,9128.252734239428,1245.0,1233.0
456932.0,9136.501590113085,1246.0,1234.0
457161.0,9165.966185412024,1247.0,1239.0
457344.0,9187.61664246845,1248.0,1242.0
457618.0,9201.238565117197,1249.0,1244.0
458259.0,9291.696468700677,1250.0,1254.0
458396.0,9295.61457702797,1251.0,1255.0
459083.0,9314.691714657512,1252.0,1258.0
459312.0,9229.41844858842,1253.0,1248.0
459357.0,9212.78034525683,1254.0,1246.0
459449.0,9210.02809614934,1255.0,1245.0
459906.0,9234.916716243903,1256.0,1252.0
460135.0,9332.2313838071,1257.0,1261.0
460227.0,9335.161159464737,1258.0,1262.0
461508.0,9393.74128107042,1259.0,1265.0
461690.0,9395.775422838473,1260.0,1266.0
462376.0,9419.349546257889,1261.0,1268.0
462422.0,9406.476075019265,1262.0,1267.0
462697.0,9324.885098601531,1263.0,1260.0
462879.0,9305.80287435861,1264.0,1256.0
463108.0,9308.792697745386,1265.0,1257.0
463428.0,9323.148517137359,1266.0,1259.0
463794.0,9338.476980641091,1267.0,1263.0
464251.0,9381.326661543791,1268.0,1264.0
464434.0,9441.920466807647,1269.0,1269.0
464525.0,9444.182721410973,1270.0,1270.0
465622.0,9472.756845072938,1271.0,1271.0
465759.0,9483.04828928989,1272.0,1272.0
465851.0,9491.039980263648,1273.0,1276.0
465942.0,9491.579974439026,1274.0,1277.0
466536.0,9485.003991532752,1275.0,1273.0
466764.0,9489.833375778595,1276.0,1275.0
466993.0,9511.845484040397,1277.0,1284.0
467130.0,9527.071313677201,1278.0,1286.0
467313.0,9529.593030478563,1279.0,1289.0
468180.0,9531.896561989974,1280.0,1291.0
468957.0,9523.12897544026,1281.0,1285.0
469048.0,9506.867655841212,1282.0,1282.0
469094.0,9499.592542029313,1283.0,1279.0
469277.0,9491.832084187228,1284.0,1278.0
469733.0,9487.939231160735,1285.0,1274.0
469916.0,9527.242590452644,1286.0,1288.0
469961.0,9531.543740290996,1287.0,1290.0
470053.0,9527.152294058282,1288.0,1287.0
470144.0,9506.590670854455,1289.0,1281.0
470190.0,9506.220419376225,1290.0,1280.0
470418.0,9509.129809492266,1291.0,1283.0
471148.0,9599.823156524524,1292.0,1295.0
471240.0,9600.454094274526,1293.0,1296.0
472335.0,9599.082545680192,1294.0,1294.0
472654.0,9598.683578420912,1295.0,1293.0
472700.0,9598.153562031244,1296.0,1292.0
472883.0,9613.494132460726,1297.0,1299.0
473019.0,9617.067893349751,1298.0,1301.0
473339.0,9616.88382039885,1299.0,1300.0
473658.0,9608.177252420197,1300.0,1298.0
473795.0,9608.166430994825,1301.0,1297.0
474571.0,9627.463296083142,1302.0,1302.0
474707.0,9651.430642373682,1303.0,1303.0
474799.0,9680.970047607594,1304.0,1307.0
474890.0,9684.684756163073,1305.0,1308.0
475665.0,9709.2370967215,1306.0,1311.0
476167.0,9717.882322105936,1307.0,1314.0
476851.0,9727.24635481467,1308.0,1315.0
477307.0,9701.478753536478,1309.0,1310.0
477580.0,9686.063875605227,1310.0,1309.0
477626.0,9674.033992618866,1311.0,1306.0
477899.0,9659.131167199466,1312.0,1305.0
478173.0,9658.11190030294,1313.0,1304.0
478902.0,9711.53756523318,1314.0,1312.0
478993.0,9713.572681307809,1315.0,1313.0
479312.0,9738.883420493163,1316.0,1318.0
479358.0,9739.6605662136,1317.0,1320.0
479859.0,9747.706531176085,1318.0,1324.0
480406.0,9800.068170954142,1319.0,1331.0
480497.0,9805.561808753726,1320.0,1332.0
480770.0,9807.842898140452,1321.0,1333.0
481271.0,9796.911886189355,1322.0,1330.0
481772.0,9752.005831900498,1323.0,1325.0
481954.0,9738.579167193635,1324.0,1317.0
482137.0,9738.215322849288,1325.0,1316.0
482410.0,9744.243804697468,1326.0,1323.0
482683.0,9741.768312064078,1327.0,1321.0
482865.0,9739.505404306574,1328.0,1319.0
482911.0,9742.292001898262,1329.0,1322.0
483275.0,9794.084972105882,1330.0,1329.0
483457.0,9817.270379538144,1331.0,1337.0
483730.0,9821.404473995113,1332.0,1338.0
484322.0,9808.872176577399,1333.0,1334.0
484504.0,9811.223729176789,1334.0,1335.0
485050.0,9826.414279789728,1335.0,1339.0
485642.0,9846.93185024741,1336.0,1340.0
486188.0,9860.805164646317,1337.0,1342.0
486871.0,9894.65703170196,1338.0,1343.0
487098.0,9921.50711745967,1339.0,1346.0
487235.0,9917.79083107487,1340.0,1345.0
487553.0,9773.384920051274,1341.0,1327.0
487599.0,9771.439021531161,1342.0,1326.0
487781.0,9783.599710983359,1343.0,1328.0
487917.0,9813.418419233067,1344.0,1336.0
488054.0,9848.97260689175,1345.0,1341.0
488236.0,9914.954693186599,1346.0,1344.0
488372.0,9933.692510129182,1347.0,1347.0
488736.0,9954.000966172764,1348.0,1351.0
489418.0,9991.020092458844,1349.0,1353.0
489736.0,9993.85869571666,1350.0,1354.0
490555.0,9994.707243863542,1351.0,1355.0
490873.0,9998.50385882562,1352.0,1357.0
491010.0,9952.70064212207,1353.0,1350.0
491055.0,9945.733404283745,1354.0,1348.0
491146.0,9945.808505358427,1355.0,1349.0
492191.0,9958.903386605161,1356.0,1352.0
493100.0,9994.919191084375,1357.0,1356.0
493509.0,10011.102670113884,1358.0,1358.0
494509.0,10016.665172378864,1359.0,1359.0
494645.0,10040.325600006154,1360.0,1360.0
494691.0,10045.736202172604,1361.0,1361.0
495281.0,10102.013843875042,1362.0,1367.0
495508.0,10119.923979136354,1363.0,1371.0
495826.0,10131.535496187958,1364.0,1372.0
496371.0,10136.839318709528,1365.0,1376.0
497098.0,10133.26023126941,1366.0,1373.0
498051.0,10109.673759661786,1367.0,1368.0
498324.0,10056.595005295405,1368.0,1362.0
498369.0,10058.014788607672,1369.0,1363.0
498551.0,10061.508273943933,1370.0,1364.0
499186.0,10074.667187714125,1371.0,1365.0
499685.0,10080.812437533496,1372.0,1366.0
499867.0,10136.458716512661,1373.0,1375.0
499912.0,10146.948605276708,1374.0,1377.0
500139.0,10195.719335874426,1375.0,1379.0
500366.0,10203.306986827494,1376.0,1380.0
501636.0,10231.323037621041,1377.0,1382.0
502135.0,10244.346717130773,1378.0,1383.0
502272.0,10206.679807046858,1379.0,1381.0
502408.0,10181.183153566055,1380.0,1378.0
502770.0,10134.00446035981,1381.0,1374.0
503179.0,10119.105018785542,1382.0,1370.0
504086.0,10114.54668678236,1383.0,1369.0
504720.0,10265.775213849653,1384.0,1384.0
504811.0,10287.46592533801,1385.0,1385.0
505355.0,10324.823027207396,1386.0,1386.0
505944.0,10361.29751734933,1387.0,1387.0
506488.0,10378.358401903353,1388.0,1388.0
507667.0,10380.500437779361,1389.0,1389.0
507938.0,10390.831945256863,1390.0,1390.0
508165.0,10439.558621106511,1391.0,1396.0
508210.0,10439.914305695906,1392.0,1397.0
509433.0,10453.355771264181,1393.0,1403.0
509524.0,10453.294406975123,1394.0,1402.0
509705.0,10448.862064630375,1395.0,1401.0
509796.0,10447.50742250037,1396.0,1400.0
509841.0,10447.274221824255,1397.0,1399.0
509886.0,10447.041041730175,1398.0,1398.0
509977.0,10435.398689656484,1399.0,1395.0
510203.0,10411.678172951135,1400.0,1394.0
510475.0,10402.360900670397,1401.0,1393.0
510973.0,10399.386550634632,1402.0,1391.0
511653.0,10402.233800606236,1403.0,1392.0
512739.0,10464.555925065299,1404.0,1404.0
512920.0,10474.930110908088,1405.0,1405.0
513373.0,10503.405445762332,1406.0,1410.0
513735.0,10508.883468742126,1407.0,1411.0
515047.0,10525.115178556396,1408.0,1414.0
515590.0,10563.234233644444,1409.0,1418.0
515635.0,10566.51542289352,1410.0,1419.0
515771.0,10579.619097703706,1411.0,1420.0
515862.0,10560.225870305072,1412.0,1417.0
515952.0,10548.03560937639,1413.0,1416.0
516088.0,10533.785631225957,1414.0,1415.0
516405.0,10522.493042442811,1415.0,1413.0
516812.0,10498.870280804205,1416.0,1409.0
517128.0,10489.190725299915,1417.0,1406.0
517490.0,10490.6694261366,1418.0,1407.0
517988.0,10493.885014978181,1419.0,1408.0
519254.0,10510.689294934044,1420.0,1412.0
520248.0,10599.678088454017,1421.0,1421.0
520474.0,10619.887228894271,1422.0,1422.0
520791.0,10628.998666051977,1423.0,1423.0
521966.0,10662.723033744878,1424.0,1424.0
522011.0,10673.586861599371,1425.0,1425.0
522869.0,10674.157135491572,1426.0,1426.0
523005.0,10723.861886764107,1427.0,1427.0
524044.0,10728.669542716469,1428.0,1428.0
524225.0,10759.913636472862,1429.0,1432.0
524360.0,10762.842683666408,1430.0,1433.0
525038.0,10734.745525955246,1431.0,1429.0
525128.0,10735.327728591908,1432.0,1430.0
525489.0,10757.43105128184,1433.0,1431.0
525625.0,10765.754127259035,1434.0,1434.0
525715.0,10769.590327100053,1435.0,1435.0
526663.0,10819.098754836368,1436.0,1440.0
526799.0,10821.038542118848,1437.0,1442.0
527024.0,10820.582351016861,1438.0,1441.0
527521.0,10826.848163423714,1439.0,1443.0
527656.0,10829.30647396678,1440.0,1444.0
528424.0,10851.699839935642,1441.0,1445.0
528875.0,10856.769908831344,1442.0,1446.0
530003.0,10884.35187759173,1443.0,1447.0
530229.0,10892.530883004523,1444.0,1448.0
530454.0,10901.482865235874,1445.0,1449.0
530680.0,10904.796589747815,1446.0,1450.0
531356.0,10790.836484875726,1447.0,1438.0
531402.0,10789.306433442673,1448.0,1437.0
531943.0,10787.429045993807,1449.0,1436.0
533206.0,10814.977348710208,1450.0,1439.0
533702.0,10938.755610844206,1451.0,1454.0
533837.0,10943.368305717055,1452.0,1455.0
534874.0,10963.966883302446,1453.0,1457.0
535685.0,11002.668271357354,1454.0,1458.0
535730.0,11020.071375746224,1455.0,1460.0
535775.0,11024.482226131537,1456.0,1461.0
536000.0,11039.445251630681,1457.0,1463.0
536226.0,11040.381555569364,1458.0,1464.0
537172.0,11018.01083033924,1459.0,1459.0
537352.0,10930.062604847271,1460.0,1452.0
537397.0,10929.731979164391,1461.0,1451.0
538839.0,10931.032784838428,1462.0,1453.0
539965.0,10951.040935243564,1463.0,1456.0
540415.0,11026.407433136726,1464.0,1462.0
540550.0,11049.005145192588,1465.0,1465.0
540686.0,11051.421298900945,1466.0,1466.0
541091.0,11061.370079340937,1467.0,1467.0
541271.0,11083.766941329488,1468.0,1468.0
541361.0,11111.202442161431,1469.0,1469.0
541631.0,11137.380475247639,1470.0,1474.0
542306.0,11158.819758181728,1471.0,1477.0
543792.0,11176.084954579765,1472.0,1480.0
544152.0,11174.28363110873,1473.0,1479.0
544647.0,11168.11065458703,1474.0,1478.0
545097.0,11156.768729662379,1475.0,1476.0
545547.0,11145.436164101178,1476.0,1475.0
545906.0,11130.067620658474,1477.0,1472.0
545996.0,11115.38034980789,1478.0,1471.0
546041.0,11115.16647167672,1479.0,1470.0
547391.0,11134.636526970959,1480.0,1473.0
547616.0,11258.6991451664,1481.0,1481.0
547661.0,11283.50555186103,1482.0,1482.0
547930.0,11301.093091930145,1483.0,1483.0
549324.0,11336.231950051835,1484.0,1491.0
549369.0,11338.7981849866,1485.0,1492.0
549504.0,11339.777513723557,1486.0,1493.0
550223.0,11325.988459839065,1487.0,1486.0
550268.0,11326.057879010636,1488.0,1487.0
551302.0,11327.651415359222,1489.0,1489.0
551347.0,11330.751601897375,1490.0,1490.0
552156.0,11416.481430404141,1491.0,1506.0
552201.0,11416.35456927629,1492.0,1505.0
553639.0,11349.65311073197,1493.0,1497.0
553773.0,11342.71331828659,1494.0,1494.0
553998.0,11343.311729683486,1495.0,1495.0
554492.0,11344.624723019582,1496.0,1496.0
554627.0,11351.152561997396,1497.0,1498.0
555256.0,11381.50678475089,1498.0,1500.0
555300.0,11381.714021061003,1499.0,1501.0
555750.0,11382.552998064353,1500.0,1502.0
556692.0,11382.805525476038,1501.0,1503.0
557725.0,11373.665782927621,1502.0,1499.0
558308.0,11326.398649815952,1503.0,1488.0
558443.0,11317.170911910964,1504.0,1485.0
558668.0,11316.380908790316,1505.0,1484.0
559879.0,11408.089153375673,1506.0,1504.0
559969.0,11418.420385430081,1507.0,1507.0
560238.0,11449.289394690182,1508.0,1508.0
560283.0,11499.443651764488,1509.0,1509.0
560328.0,11510.623295752934,1510.0,1510.0
560507.0,11515.5178343379,1511.0,1511.0
561674.0,11547.389774932884,1512.0,1512.0
562750.0,11554.051230049168,1513.0,1513.0
563737.0,11570.615330930154,1514.0,1514.0
564096.0,11576.229377971484,1515.0,1515.0
565037.0,11590.927809904948,1516.0,1516.0
565261.0,11603.049512847789,1517.0,1517.0
565485.0,11615.176020296225,1518.0,1518.0
565620.0,11635.912274952098,1519.0,1519.0
566068.0,11668.684420179849,1520.0,1520.0
566695.0,11682.857833790293,1521.0,1523.0
567726.0,11670.154467374603,1522.0,1521.0
567861.0,11675.528773320513,1523.0,1522.0
568085.0,11684.443322086569,1524.0,1524.0
568309.0,11721.343447600691,1525.0,1525.0
568443.0,11783.046672361053,1526.0,1526.0
569877.0,11783.508731547945,1527.0,1527.0
569966.0,11790.330009443365,1528.0,1528.0
570414.0,11798.391862191584,1529.0,1529.0
571937.0,11829.899924658146,1530.0,1532.0
572160.0,11839.229989637468,1531.0,1533.0
572340.0,11839.698872580855,1532.0,1534.0
574041.0,11806.877503812912,1533.0,1530.0
574220.0,11808.168071076787,1534.0,1531.0
574891.0,11841.305294483973,1535.0,1535.0
575115.0,11852.358886879802,1536.0,1536.0
575428.0,11862.36528227847,1537.0,1537.0
576412.0,11913.008601820884,1538.0,1543.0
576770.0,11931.230706846853,1539.0,1549.0
577262.0,11938.36510293543,1540.0,1550.0
578783.0,11953.04033794852,1541.0,1552.0
579364.0,11951.319390773706,1542.0,1551.0
579677.0,11911.513072092823,1543.0,1542.0
579722.0,11911.509373778717,1544.0,1541.0
580706.0,11925.600973163935,1545.0,1548.0
580974.0,11915.837281473088,1546.0,1545.0
581108.0,11918.127619913517,1547.0,1546.0
581197.0,11898.56830762584,1548.0,1538.0
581287.0,11901.794059257254,1549.0,1539.0
581421.0,11909.37389503526,1550.0,1540.0
581689.0,11915.12081903167,1551.0,1544.0
582225.0,11922.29386235008,1552.0,1547.0
582851.0,11972.86545717094,1553.0,1553.0
582940.0,11980.050938083878,1554.0,1554.0
583387.0,11989.888855444953,1555.0,1555.0
583611.0,12004.69757360228,1556.0,1556.0
583968.0,12009.09356205657,1557.0,1557.0
584370.0,12013.0,1558.0,1558.0
584817.0,12021.330975278124,1559.0,1559.0
584906.0,12036.014381184656,1560.0,1560.0
584951.0,12042.898175706589,1561.0,1561.0
585174.0,12064.761405231955,1562.0,1565.0
585442.0,12085.068590268776,1563.0,1569.0
585532.0,12085.062901530075,1564.0,1568.0
586470.0,12056.93846923417,1565.0,1564.0
586738.0,12055.474485171813,1566.0,1563.0
587943.0,12055.335085600998,1567.0,1562.0
588702.0,12070.204193195064,1568.0,1566.0
588925.0,12070.966450300117,1569.0,1567.0
590622.0,12159.008586227848,1570.0,1570.0
590666.0,12161.287986327838,1571.0,1571.0
590845.0,12206.355736760845,1572.0,1572.0
591112.0,12230.017427070046,1573.0,1573.0
591380.0,12238.0019961121,1574.0,1574.0
591782.0,12279.944648042112,1575.0,1578.0
591826.0,12280.93679288169,1576.0,1579.0
592139.0,12284.088490027345,1577.0,1580.0
592853.0,12314.03439945176,1578.0,1587.0
592942.0,12323.554380609345,1579.0,1589.0
593076.0,12324.922059255132,1580.0,1590.0
594146.0,12299.183705864605,1581.0,1583.0
594369.0,12293.825381488412,1582.0,1582.0
595752.0,12245.95954989186,1583.0,1576.0
596019.0,12245.471364421252,1584.0,1575.0
596643.0,12266.847276380635,1585.0,1577.0
596955.0,12292.866425504802,1586.0,1581.0
597312.0,12322.621659213259,1587.0,1588.0
597579.0,12349.299765917303,1588.0,1591.0
598203.0,12369.648274316807,1589.0,1593.0
599496.0,12389.42826294695,1590.0,1594.0
600387.0,12305.723611307922,1591.0,1584.0
600431.0,12307.673909759525,1592.0,1585.0
600565.0,12311.264817794943,1593.0,1586.0
601456.0,12368.589915788692,1594.0,1592.0
601857.0,12394.36172202073,1595.0,1595.0
602481.0,12423.554803056808,1596.0,1596.0
602926.0,12434.82433421791,1597.0,1597.0
604084.0,12448.243721772536,1598.0,1598.0
604351.0,12451.334179761812,1599.0,1599.0
604529.0,12454.969055820433,1600.0,1600.0
604752.0,12459.521351187439,1601.0,1601.0
605286.0,12466.909447047561,1602.0,1602.0
605998.0,12479.548936576999,1603.0,1603.0
606131.0,12514.922000810278,1604.0,1606.0
606354.0,12523.287983165901,1605.0,1608.0
606666.0,12509.3240951409,1606.0,1605.0
606844.0,12505.325221732923,1607.0,1604.0
607200.0,12515.626922714184,1608.0,1607.0
607823.0,12533.640374522423,1609.0,1609.0
608223.0,12548.16131476336,1610.0,1610.0
608890.0,12549.420062890236,1611.0,1611.0
610047.0,12549.681082566642,1612.0,1612.0
610403.0,12549.761296725927,1613.0,1613.0
611025.0,12605.621029130087,1614.0,1616.0
611381.0,12615.029621868007,1615.0,1617.0
612626.0,12661.973231048587,1616.0,1622.0
612938.0,12671.07209738643,1617.0,1623.0
613293.0,12720.14503712027,1618.0,1625.0
613338.0,12717.368313793815,1619.0,1624.0
613427.0,12643.427318137561,1620.0,1621.0
613471.0,12640.430283734719,1621.0,1620.0
614316.0,12587.921103288134,1622.0,1614.0
614582.0,12590.804149236945,1623.0,1615.0
614893.0,12630.485001607929,1624.0,1618.0
615027.0,12637.250392533677,1625.0,1619.0
615516.0,12798.855247013333,1626.0,1632.0
615560.0,12799.609460585756,1627.0,1633.0
616271.0,12785.0016579327,1628.0,1630.0
616315.0,12783.95200046558,1629.0,1629.0
616538.0,12755.75840976526,1630.0,1628.0
616626.0,12749.91173385433,1631.0,1627.0
616804.0,12747.67893959423,1632.0,1626.0
617071.0,12787.805537878063,1633.0,1631.0
617115.0,12809.886239046182,1634.0,1634.0
617160.0,12832.467145970568,1635.0,1635.0
617293.0,12840.562289024878,1636.0,1636.0
617648.0,12847.144568928501,1637.0,1639.0
618226.0,12853.57806092762,1638.0,1641.0
618714.0,12853.737503826329,1639.0,1642.0
619203.0,12842.128291879131,1640.0,1638.0
619336.0,12841.928134484046,1641.0,1637.0
619958.0,12851.714610278046,1642.0,1640.0
620135.0,12854.497713188315,1643.0,1643.0
620935.0,12865.962837042805,1644.0,1644.0
621201.0,12884.274707338005,1645.0,1645.0
621601.0,12897.754307892348,1646.0,1646.0
622222.0,12957.14057301668,1647.0,1653.0
622311.0,12961.26689054174,1648.0,1654.0
622710.0,12948.728557696335,1649.0,1652.0
623065.0,12935.66696339135,1650.0,1651.0
623953.0,12907.8580488212,1651.0,1648.0
624530.0,12905.253079564389,1652.0,1647.0
625550.0,12913.258068406825,1653.0,1649.0
626083.0,12918.585842061397,1654.0,1650.0
626748.0,13034.271296159988,1655.0,1655.0
626792.0,13041.921342053538,1656.0,1656.0
627280.0,13042.132473628282,1657.0,1657.0
627813.0,13042.325937213516,1658.0,1658.0
627901.0,13056.195500992564,1659.0,1659.0
628034.0,13065.802589119232,1660.0,1660.0
628389.0,13081.559937499871,1661.0,1662.0
628744.0,13083.48819940586,1662.0,1664.0
629232.0,13081.693977751442,1663.0,1663.0
629586.0,13081.367068804415,1664.0,1661.0
629897.0,13085.683823083262,1665.0,1665.0
630074.0,13088.139673778649,1666.0,1666.0
630739.0,13095.267842164763,1667.0,1667.0
630783.0,13097.775173974675,1668.0,1668.0
632556.0,13165.431260644158,1669.0,1669.0
632600.0,13167.107848645066,1670.0,1670.0
634284.0,13169.124150924785,1671.0,1671.0
634550.0,13185.351583123898,1672.0,1672.0
634594.0,13187.7304105057,1673.0,1673.0
636410.0,13262.624348194573,1674.0,1677.0
637163.0,13278.470129558867,1675.0,1678.0
638093.0,13285.837262405646,1676.0,1679.0
639155.0,13213.666755448,1677.0,1675.0
639199.0,13213.527438467516,1678.0,1674.0
639996.0,13216.144577390249,1679.0,1676.0
640527.0,13294.475569138453,1680.0,1680.0
640571.0,13300.96335917005,1681.0,1681.0
640616.0,13404.271143283107,1682.0,1682.0
641280.0,13409.06925730321,1683.0,1683.0
642386.0,13409.63691501995,1684.0,1684.0
642430.0,13411.261122525531,1685.0,1685.0
642917.0,13429.23072072808,1686.0,1686.0
644199.0,13436.057423706803,1687.0,1687.0
644642.0,13455.83973753753,1688.0,1688.0
645615.0,13458.021045003086,1689.0,1689.0
645703.0,13462.932203916958,1690.0,1690.0
646013.0,13486.434196523956,1691.0,1691.0
646101.0,13487.17697091284,1692.0,1692.0
647295.0,13504.895144880828,1693.0,1696.0
647383.0,13505.869567599833,1694.0,1697.0
647781.0,13508.418254125496,1695.0,1698.0
649284.0,13515.199212034788,1696.0,1700.0
651360.0,13538.921939857686,1697.0,1701.0
651802.0,13549.982819232771,1698.0,1702.0
652200.0,13558.968938175507,1699.0,1703.0
652642.0,13648.058512005078,1700.0,1707.0
652686.0,13648.236258297382,1701.0,1708.0
654276.0,13574.162114691142,1702.0,1706.0
654320.0,13573.635019220217,1703.0,1705.0
654938.0,13559.305832898623,1704.0,1704.0
655556.0,13510.782096791763,1705.0,1699.0
655733.0,13497.594129193496,1706.0,1694.0
655997.0,13492.965538043318,1707.0,1693.0
657057.0,13497.782446220244,1708.0,1695.0
657322.0,13655.555024348721,1709.0,1709.0
657366.0,13681.745068584287,1710.0,1710.0
657542.0,13727.44261646021,1711.0,1711.0
658469.0,13744.896230412929,1712.0,1712.0
659175.0,13757.715399949013,1713.0,1713.0
659881.0,13761.91280642844,1714.0,1714.0
659925.0,13778.600277240055,1715.0,1715.0
660146.0,13785.400703319287,1716.0,1716.0
661469.0,13811.928816718193,1717.0,1720.0
662528.0,13823.057256306905,1718.0,1723.0
662836.0,13824.240435300071,1719.0,1724.0
663542.0,13821.984846572988,1720.0,1722.0
664865.0,13814.288553976869,1721.0,1721.0
665349.0,13807.910355791711,1722.0,1719.0
665526.0,13805.880515065046,1723.0,1718.0
666363.0,13805.504213305847,1724.0,1717.0
666848.0,13847.31250230466,1725.0,1725.0
666936.0,13854.895076950803,1726.0,1726.0
667157.0,13904.279688787024,1727.0,1727.0
667641.0,13917.829202933954,1728.0,1728.0
667950.0,13966.079220415817,1729.0,1732.0
668038.0,13950.149875015995,1730.0,1731.0
668170.0,13948.928345837208,1731.0,1730.0
669712.0,13948.416493905243,1732.0,1729.0
670681.0,13979.044263688742,1733.0,1733.0
671826.0,14013.172506698622,1734.0,1734.0
673235.0,14035.137091724624,1735.0,1735.0
675304.0,14138.288384772737,1736.0,1744.0
675568.0,14140.54764829461,1737.0,1745.0
677108.0,14150.323053118274,1738.0,1748.0
677328.0,14149.768083800182,1739.0,1747.0
677372.0,14149.37822288384,1740.0,1746.0
678912.0,14130.585914542691,1741.0,1743.0
679440.0,14120.59711753113,1742.0,1742.0
679923.0,14111.466434346034,1743.0,1740.0
680671.0,14201.691662317047,1744.0,1750.0
681023.0,14207.326381509884,1745.0,1751.0
682869.0,14232.649937374747,1746.0,1753.0
683177.0,14112.631193067687,1747.0,1741.0
683309.0,14065.65216549205,1748.0,1739.0
683485.0,14053.40865447103,1749.0,1738.0
683968.0,14047.08354338007,1750.0,1736.0
684364.0,14047.969970960807,1751.0,1737.0
685946.0,14385.056341626907,1752.0,1755.0
685990.0,14388.133464478906,1753.0,1756.0
686473.0,14394.848620443909,1754.0,1757.0
688582.0,14441.828572403907,1755.0,1759.0
688757.0,14445.065279701357,1756.0,1760.0
689109.0,14491.971226822778,1757.0,1761.0
689153.0,14492.277828885233,1758.0,1762.0
690163.0,14533.374059977721,1759.0,1763.0
690207.0,14533.528927421685,1760.0,1764.0
691568.0,14553.920802472632,1761.0,1765.0
691787.0,14556.222270147104,1762.0,1766.0
692797.0,14579.856888832459,1763.0,1769.0
693192.0,14582.625519591102,1764.0,1771.0
694596.0,14588.747930703661,1765.0,1772.0
695737.0,14620.560420230722,1766.0,1779.0
695781.0,14620.522053352784,1767.0,1778.0
696746.0,14575.532398960797,1768.0,1767.0
696790.0,14576.354381114375,1769.0,1768.0
697053.0,14581.266510523603,1770.0,1770.0
697097.0,14610.210243582327,1771.0,1776.0
697185.0,14613.539342410282,1772.0,1777.0
698720.0,14664.58665029921,1773.0,1781.0
699202.0,14694.673438212572,1774.0,1786.0
699377.0,14693.700390737451,1775.0,1785.0
699816.0,14678.76760008228,1776.0,1784.0
700167.0,14673.202598758162,1777.0,1783.0
701131.0,14669.647421293663,1778.0,1782.0
703323.0,14622.347515520243,1779.0,1780.0
703498.0,14606.170470539355,1780.0,1775.0
703673.0,14405.067009100962,1781.0,1758.0
703761.0,14382.302078100409,1782.0,1754.0
704506.0,14220.593554786035,1783.0,1752.0
705075.0,14189.655199971054,1784.0,1749.0
706521.0,14590.940694532304,1785.0,1773.0
706565.0,14606.00276100924,1786.0,1774.0
706828.0,14696.013285949964,1787.0,1787.0
707397.0,14738.966646803385,1788.0,1788.0
708010.0,14811.951714223564,1789.0,1789.0
708623.0,14831.174151553998,1790.0,1790.0
709455.0,14845.35128229091,1791.0,1791.0
709674.0,14852.855137274903,1792.0,1792.0
710112.0,14856.608801670067,1793.0,1793.0
710199.0,14908.966127866493,1794.0,1794.0
710374.0,14957.065255824553,1795.0,1795.0
711644.0,14963.699828486157,1796.0,1796.0
711994.0,14981.734962744822,1797.0,1797.0
712125.0,15029.93671706134,1798.0,1798.0
713088.0,15029.97949345909,1799.0,1799.0
715101.0,15029.983722981384,1800.0,1800.0
715625.0,15051.504483033126,1801.0,1801.0
716150.0,15088.082747790444,1802.0,1802.0
717069.0,15090.322664072051,1803.0,1803.0
717156.0,15134.57729844909,1804.0,1804.0
718556.0,15137.330258306745,1805.0,1805.0
718774.0,15145.436419331681,1806.0,1806.0
718949.0,15151.526565384602,1807.0,1807.0
720173.0,15152.398144124572,1808.0,1808.0
720217.0,15214.742608978739,1809.0,1809.0
722402.0,15230.939323333774,1810.0,1810.0
723189.0,15260.66792973907,1811.0,1811.0
724193.0,15261.085239058071,1812.0,1812.0
724412.0,15271.705671934918,1813.0,1813.0
724587.0,15276.598000277569,1814.0,1814.0
725198.0,15311.658859771496,1815.0,1815.0
726989.0,15319.54400360333,1816.0,1816.0
727251.0,15323.112172818654,1817.0,1817.0
730176.0,15350.884133008589,1818.0,1818.0
730263.0,15351.70846607802,1819.0,1819.0
730656.0,15356.657781858572,1820.0,1820.0
730787.0,15371.51105515585,1821.0,1821.0
730831.0,15383.696895339946,1822.0,1822.0
731223.0,15385.065101709231,1823.0,1823.0
731965.0,15408.903355083838,1824.0,1824.0
732227.0,15471.57567877785,1825.0,1825.0
733361.0,15500.8105225382,1826.0,1826.0
734583.0,15508.828347474868,1827.0,1827.0
736415.0,15510.61035619061,1828.0,1828.0
736546.0,15526.868011209344,1829.0,1829.0
736807.0,15564.51863234047,1830.0,1832.0
736938.0,15565.234654028769,1831.0,1833.0
739205.0,15530.862616935343,1832.0,1830.0
739379.0,15531.853140102965,1833.0,1831.0
740077.0,15566.51519483882,1834.0,1834.0
740208.0,15573.016893855003,1835.0,1835.0
740643.0,15581.057420506317,1836.0,1836.0
740687.0,15585.006359457766,1837.0,1837.0
741515.0,15664.271130619416,1838.0,1839.0
741602.0,15664.987857876285,1839.0,1840.0
742430.0,15666.561950368123,1840.0,1841.0
742561.0,15688.910808353303,1841.0,1845.0
742691.0,15698.663799866223,1842.0,1847.0
743040.0,15705.515801585478,1843.0,1848.0
744173.0,15721.662692142823,1844.0,1850.0
744695.0,15726.678671074862,1845.0,1852.0
745262.0,15740.869439676531,1846.0,1853.0
745392.0,15746.733466617015,1847.0,1854.0
745523.0,15748.717854700135,1848.0,1855.0
745828.0,15724.817647642423,1849.0,1851.0
745915.0,15718.002003102978,1850.0,1849.0
746045.0,15696.765760078555,1851.0,1846.0
746612.0,15641.718252040042,1852.0,1838.0
746916.0,15671.94512383859,1853.0,1842.0
746960.0,15679.174307716057,1854.0,1843.0
747091.0,15683.217056482603,1855.0,1844.0
747874.0,15825.062062823474,1856.0,1859.0
747918.0,15826.266467350712,1857.0,1860.0
748614.0,15847.93047616832,1858.0,1862.0
749050.0,15853.49291272117,1859.0,1864.0
749746.0,15857.32982050362,1860.0,1865.0
750921.0,15849.127954491032,1861.0,1863.0
751269.0,15846.701269341156,1862.0,1861.0
751356.0,15812.739861095455,1863.0,1858.0
751574.0,15776.904556456671,1864.0,1857.0
751878.0,15763.135527747361,1865.0,1856.0
752139.0,15868.491491587492,1866.0,1866.0
752183.0,15868.861524216392,1867.0,1867.0
753401.0,15879.096116438212,1868.0,1868.0
754663.0,15880.061543573649,1869.0,1869.0
755010.0,15890.570195896074,1870.0,1870.0
755054.0,15973.466715222097,1871.0,1871.0
755402.0,15994.228574203154,1872.0,1872.0
755750.0,16012.966127678445,1873.0,1873.0
756967.0,16013.846954131326,1874.0,1874.0
757272.0,16017.365132997591,1875.0,1875.0
757837.0,16017.846941616786,1876.0,1876.0
758098.0,16018.890505940226,1877.0,1877.0
758228.0,16020.925345704843,1878.0,1878.0
759271.0,16030.872692751655,1879.0,1879.0
759836.0,16030.945617603908,1880.0,1880.0
760054.0,16030.973740483925,1881.0,1881.0
761140.0,16031.597481502871,1882.0,1882.0
761184.0,16043.378282284357,1883.0,1883.0
761270.0,16045.934602535603,1884.0,1884.0
761618.0,16046.566516926265,1885.0,1885.0
763269.0,16053.914715204746,1886.0,1886.0
763877.0,16075.326810524077,1887.0,1887.0
764138.0,16112.04655106017,1888.0,1888.0
764355.0,16127.49820013162,1889.0,1889.0
764616.0,16128.763955634011,1890.0,1890.0
764702.0,16132.606248246744,1891.0,1891.0
764833.0,16153.572418838321,1892.0,1892.0
765658.0,16156.903673100396,1893.0,1893.0
766483.0,16168.084554653082,1894.0,1894.0
767091.0,16176.302767882122,1895.0,1895.0
767351.0,16184.194914732634,1896.0,1896.0
767395.0,16221.927911355364,1897.0,1897.0
767612.0,16224.621046874985,1898.0,1898.0
767785.0,16228.086768761583,1899.0,1899.0
768393.0,16229.07340500624,1900.0,1900.0
768523.0,16250.6732499834,1901.0,1901.0
768914.0,16267.713778804067,1902.0,1902.0
769652.0,16284.042040718492,1903.0,1903.0
770129.0,16303.599133170295,1904.0,1904.0
770477.0,16316.601608102015,1905.0,1905.0
772082.0,16326.328815993376,1906.0,1906.0
772299.0,16412.985076328005,1907.0,1907.0
773470.0,16419.931489799146,1908.0,1908.0
774858.0,16420.835217611184,1909.0,1909.0
774988.0,16423.227353487742,1910.0,1910.0
775162.0,16426.42850745761,1911.0,1911.0
775856.0,16429.084099531883,1912.0,1912.0
776029.0,16439.743123917033,1913.0,1913.0
776463.0,16468.030309416747,1914.0,1914.0
777503.0,16484.051799166547,1915.0,1915.0
778500.0,16496.137169643716,1916.0,1916.0
779541.0,16501.045510174496,1917.0,1917.0
781231.0,16524.80645894301,1918.0,1918.0
781317.0,16529.098719279653,1919.0,1920.0
781577.0,16550.79763435026,1920.0,1923.0
781751.0,16559.82953211248,1921.0,1925.0
782054.0,16577.011699720493,1922.0,1926.0
782271.0,16578.86523758659,1923.0,1928.0
782747.0,16578.795651553228,1924.0,1927.0
783397.0,16599.31600771592,1925.0,1930.0
783527.0,16606.42083629975,1926.0,1932.0
783960.0,16636.020744345842,1927.0,1933.0
784307.0,16640.81423563305,1928.0,1934.0
785952.0,16648.02973542845,1929.0,1935.0
787035.0,16596.431366310335,1930.0,1929.0
787208.0,16530.277484419224,1931.0,1921.0
787338.0,16525.322907140708,1932.0,1919.0
788507.0,16546.73863829709,1933.0,1922.0
788593.0,16553.047742238345,1934.0,1924.0
789459.0,16599.887371132485,1935.0,1931.0
790671.0,16665.35501425789,1936.0,1936.0
791320.0,16871.64561021273,1937.0,1937.0
794824.0,16889.00946251965,1938.0,1938.0
799623.0,16901.754065203648,1939.0,1939.0
800704.0,16907.994616073043,1940.0,1940.0
801136.0,16923.625204659682,1941.0,1941.0
801265.0,16933.668402723168,1942.0,1942.0
801654.0,16946.29949485238,1943.0,1943.0
801698.0,16996.103674795875,1944.0,1944.0
802346.0,16999.48689947326,1945.0,1945.0
803253.0,17017.019370189657,1946.0,1946.0
803426.0,17070.063884434803,1947.0,1947.0
804506.0,17078.567455035052,1948.0,1948.0
804894.0,17124.330179276236,1949.0,1949.0
805801.0,17131.333487235683,1950.0,1950.0
807529.0,17142.256163821425,1951.0,1951.0
808522.0,17166.74176318196,1952.0,1952.0
808608.0,17171.301443155688,1953.0,1953.0
808737.0,17173.245426722096,1954.0,1954.0
809342.0,17189.389250265187,1955.0,1955.0
809558.0,17233.67679840924,1956.0,1959.0
809601.0,17233.611217695077,1957.0,1958.0
810119.0,17232.82147246052,1958.0,1957.0
810162.0,17230.73354646837,1959.0,1956.0
811715.0,17271.356138306186,1960.0,1960.0
811931.0,17277.0,1961.0,1961.0
812492.0,17299.757391395444,1962.0,1962.0
814045.0,17307.98888389146,1963.0,1963.0
814606.0,17335.742190026813,1964.0,1964.0
815339.0,17347.248193075324,1965.0,1965.0
815727.0,17354.56373370248,1966.0,1966.0
816719.0,17367.807111617545,1967.0,1967.0
816849.0,17369.541442696205,1968.0,1968.0
817107.0,17380.440069823373,1969.0,1969.0
817582.0,17386.362400664784,1970.0,1970.0
817754.0,17438.0,1971.0,1971.0
818746.0,17457.516967326712,1972.0,1972.0
820470.0,17468.765783343766,1973.0,1973.0
821461.0,17474.750471356623,1974.0,1974.0
822280.0,17548.752405444237,1975.0,1975.0
823788.0,17563.246460830556,1976.0,1976.0
826502.0,17563.333193617236,1977.0,1977.0
826889.0,17563.942587181533,1978.0,1978.0
827320.0,17596.875892421536,1979.0,1979.0
827880.0,17622.237959924514,1980.0,1980.0
828568.0,17660.704949079834,1981.0,1981.0
829128.0,17669.700200735606,1982.0,1982.0
829300.0,17705.13194824398,1983.0,1983.0
830075.0,17720.999819845834,1984.0,1984.0
831797.0,17728.152027862423,1985.0,1985.0
834465.0,17747.061616436975,1986.0,1986.0
835153.0,17780.344419724093,1987.0,1987.0
836529.0,17833.653607582357,1988.0,1993.0
837561.0,17842.261788537096,1989.0,1994.0
838980.0,17808.953946959075,1990.0,1992.0
839367.0,17799.8797670424,1991.0,1990.0
840055.0,17796.518407152205,1992.0,1989.0
841130.0,17793.510177229226,1993.0,1988.0
841517.0,17803.481775031185,1994.0,1991.0
842419.0,17848.254798097187,1995.0,1995.0
843021.0,17878.10990526218,1996.0,1996.0
844482.0,17913.25314275106,1997.0,1997.0
845985.0,17935.904599205573,1998.0,1998.0
846243.0,18027.74997873323,1999.0,1999.0
846801.0,18050.312061336917,2000.0,2000.0
847231.0,18051.984401213755,2001.0,2001.0
847532.0,18054.37448912048,2002.0,2002.0
847617.0,18113.685086638878,2003.0,2003.0
847789.0,18155.35889024684,2004.0,2004.0
849335.0,18157.00792064695,2005.0,2005.0
849593.0,18158.87412807382,2006.0,2006.0
850237.0,18159.62216708999,2007.0,2007.0
850838.0,18164.67024345936,2008.0,2008.0
850881.0,18235.25262968645,2009.0,2009.0
852083.0,18238.0,2010.0,2010.0
852984.0,18242.0,2011.0,2011.0
853628.0,18246.0,2012.0,2012.0
854228.0,18251.76068811793,2013.0,2013.0
855044.0,18256.0,2014.0,2014.0
855516.0,18313.0,2015.0,2015.0
857360.0,18348.0,2016.0,2016.0
859376.0,18381.0,2017.0,2017.0
862634.0,18389.0,2018.0,2018.0
863191.0,18426.0,2019.0,2019.0
864606.0,18429.15027395909,2020.0,2020.0
864820.0,18450.0,2021.0,2021.0
865463.0,18487.60763284718,2022.0,2022.0
870988.0,18492.0,2023.0,2023.0
871202.0,18674.0,2024.0,2024.0
871973.0,18726.289510410134,2025.0,2025.0
874627.0,18741.509704692704,2026.0,2026.0
874755.0,18767.201346717477,2027.0,2027.0
875012.0,18844.814381081873,2028.0,2028.0
878820.0,18845.014628883444,2029.0,2029.0
879205.0,18847.0,2030.0,2030.0
879932.0,18850.070159599472,2031.0,2031.0
879975.0,18888.117953561537,2032.0,2032.0
880317.0,18892.902786971063,2033.0,2033.0
880616.0,18897.39127239755,2034.0,2034.0
880702.0,18900.63685842075,2035.0,2035.0
881471.0,18901.0,2036.0,2036.0
883310.0,18979.982323134398,2037.0,2037.0
904274.0,18982.499683290935,2038.0,2038.0
906456.0,18988.633206611074,2039.0,2039.0
907459.0,18989.888452506366,2040.0,2040.0
908593.0,19039.058809950362,2041.0,2041.0
909509.0,19046.263894553427,2042.0,2042.0
909684.0,19065.101934179227,2043.0,2043.0
909771.0,19079.462011859425,2044.0,2044.0
909902.0,19155.431178093815,2045.0,2045.0
912083.0,19155.71334611999,2046.0,2046.0
912562.0,19159.918307275588,2047.0,2047.0
913216.0,19207.202787748192,2048.0,2048.0
915309.0,19209.219194147296,2049.0,2049.0
915701.0,19209.701557517503,2050.0,2050.0
915745.0,19280.173217676685,2051.0,2051.0
917444.0,19292.378358142647,2052.0,2052.0
918969.0,19295.471281691967,2053.0,2053.0
919318.0,19316.590577985877,2054.0,2054.0
920145.0,19319.97774747158,2055.0,2055.0
920842.0,19324.0,2056.0,2056.0
921278.0,19335.318308645834,2057.0,2057.0
921409.0,19410.556599803993,2058.0,2058.0
923630.0,19411.66513307632,2059.0,2059.0
923717.0,19426.26817669025,2060.0,2060.0
925241.0,19427.102541802265,2061.0,2061.0
925458.0,19431.74033692961,2062.0,2062.0
925589.0,19439.42423606214,2063.0,2063.0
925937.0,19453.946761069343,2064.0,2064.0
926111.0,19462.63035820907,2065.0,2065.0
926198.0,19467.89759249483,2066.0,2066.0
926416.0,19478.447554816743,2067.0,2067.0
926634.0,19495.99444005135,2068.0,2068.0
927112.0,19500.951988707948,2069.0,2069.0
927504.0,19518.881424314048,2070.0,2070.0
928374.0,19535.311625924252,2071.0,2071.0
929506.0,19551.273428892357,2072.0,2072.0
930115.0,19561.07558335569,2073.0,2073.0
931072.0,19565.836233563463,2074.0,2074.0
931986.0,19570.378411695594,2075.0,2075.0
933769.0,19571.918747386764,2076.0,2076.0
935334.0,19578.682606819857,2077.0,2077.0
935465.0,19583.33397814696,2078.0,2078.0
937204.0,19621.74642898952,2079.0,2079.0
937899.0,19637.078224838107,2080.0,2080.0
938464.0,19659.801477749228,2081.0,2081.0
938595.0,19757.842702959853,2082.0,2082.0
939725.0,19764.167727822492,2083.0,2083.0
941593.0,19768.0,2084.0,2084.0
943504.0,19819.0413428226,2085.0,2085.0
944590.0,19838.676918075653,2086.0,2086.0
944938.0,19904.28349060323,2087.0,2087.0
946197.0,19921.461318169917,2088.0,2088.0
946545.0,19982.265474136853,2089.0,2089.0
949453.0,19993.946187186906,2090.0,2090.0
950017.0,20088.877184779816,2091.0,2091.0
951970.0,20111.04358496039,2092.0,2092.0
955224.0,20118.084483324914,2093.0,2093.0
956525.0,20172.91358211404,2094.0,2097.0
956916.0,20187.1932733622,2095.0,2098.0
957826.0,20238.050891610856,2096.0,2100.0
958347.0,20241.768730912743,2097.0,2101.0
961555.0,20154.85273825335,2098.0,2096.0
961598.0,20140.930425499177,2099.0,2094.0
961641.0,20143.587361353315,2100.0,2095.0
962075.0,20205.669882695838,2101.0,2099.0
962335.0,20242.84876352592,2102.0,2102.0
963288.0,20260.249744140507,2103.0,2103.0
964068.0,20310.814661362514,2104.0,2109.0
964242.0,20311.029208358992,2105.0,2110.0
964502.0,20306.42801914674,2106.0,2108.0
965498.0,20288.81339429072,2107.0,2106.0
965801.0,20282.546913954215,2108.0,2104.0
967058.0,20282.591076531462,2109.0,2105.0
968487.0,20299.716729516924,2110.0,2107.0
969829.0,20315.776750536796,2111.0,2111.0
970609.0,20321.36760337787,2112.0,2112.0
971172.0,20329.11872866204,2113.0,2113.0
971908.0,20412.533079222627,2114.0,2114.0
974807.0,20433.749971197856,2115.0,2115.0
976928.0,20456.713981401106,2116.0,2116.0
977187.0,20607.518650614154,2117.0,2117.0
977793.0,20660.64367896059,2118.0,2118.0
978572.0,20667.822101955488,2119.0,2119.0
979653.0,20731.27989067147,2120.0,2120.0
981340.0,20753.093444198894,2121.0,2121.0
983242.0,20753.792457944415,2122.0,2122.0
983934.0,20755.716272952544,2123.0,2123.0
985663.0,20763.154382865967,2124.0,2124.0
987305.0,20771.0,2125.0,2125.0
987607.0,20893.155235873375,2126.0,2126.0
988731.0,20898.60770833986,2127.0,2127.0
988947.0,20941.642626832912,2128.0,2128.0
989941.0,20968.37304314494,2129.0,2129.0
992230.0,20985.199062517182,2130.0,2130.0
994389.0,21003.07826010106,2131.0,2131.0
994432.0,21166.742196112733,2132.0,2132.0
1000043.0,21177.058288858632,2133.0,2133.0
1002373.0,21259.873949500463,2134.0,2134.0
1009100.0,21288.688074876867,2135.0,2135.0
1009358.0,21566.76054396683,2136.0,2136.0
1018104.0,21575.0,2137.0,2137.0
1018965.0,21613.0,2138.0,2138.0
1023528.0,21717.0,2139.0,2139.0
1028131.0,21732.34292780682,2140.0,2140.0
1028690.0,21738.992719519716,2141.0,2141.0
1032388.0,21740.0,2142.0,2142.0
1032947.0,21741.262816086506,2143.0,2143.0
1033205.0,21744.0,2144.0,2144.0
1037416.0,22005.0,2145.0,2145.0
1040338.0,22017.93404010846,2146.0,2146.0
1040724.0,22128.740230816584,2147.0,2147.0
1042914.0,22148.29462249552,2148.0,2148.0
1044202.0,22153.040319559626,2149.0,2149.0
1044761.0,22159.45186735044,2150.0,2150.0
1045748.0,22163.0858162078,2151.0,2151.0
1046048.0,22236.220384990585,2152.0,2152.0
1046907.0,22245.93956710247,2153.0,2153.0
1048581.0,22250.932924472854,2154.0,2154.0
1048709.0,22280.183984781557,2155.0,2155.0
1049353.0,22286.0,2156.0,2156.0
1049439.0,22312.59564708181,2157.0,2157.0
1051069.0,22314.0,2158.0,2158.0
1054887.0,22354.341340408915,2159.0,2159.0
1056087.0,22374.23058434784,2160.0,2160.0
1056816.0,22423.984712566,2161.0,2161.0
1057202.0,22503.726839107214,2162.0,2162.0
1060203.0,22520.18387390471,2163.0,2163.0
1060760.0,22639.560887067146,2164.0,2164.0
1064187.0,22644.084696269874,2165.0,2165.0
1065430.0,22647.933122874452,2166.0,2166.0
1065515.0,22653.35293607967,2167.0,2167.0
1066115.0,22680.498586814017,2168.0,2168.0
1066329.0,22690.176839543532,2169.0,2169.0
1066372.0,22691.472862877617,2170.0,2170.0
1067143.0,22696.298950375178,2171.0,2172.0
1069412.0,22700.972419781712,2172.0,2174.0
1070140.0,22694.786945122945,2173.0,2171.0
1070354.0,22697.957185057538,2174.0,2173.0
1070825.0,22704.932443624653,2175.0,2175.0
1070868.0,22836.0,2176.0,2176.0
1076816.0,22912.846002641065,2177.0,2177.0
1080238.0,22915.64397032827,2178.0,2178.0
1081179.0,22925.83952737261,2179.0,2179.0
1082675.0,23033.785008698906,2180.0,2180.0
1084129.0,23048.02711321805,2181.0,2181.0
1084513.0,23101.616831607153,2182.0,2182.0
1086052.0,23204.90018695432,2183.0,2183.0
1090026.0,23211.033120511063,2184.0,2184.0
1092204.0,23222.25497541826,2185.0,2185.0
1094681.0,23267.0324731632,2186.0,2186.0
1095492.0,23319.11480756624,2187.0,2187.0
1096175.0,23350.441294759134,2188.0,2188.0
1097114.0,23352.428203850424,2189.0,2189.0
1097840.0,23355.0,2190.0,2190.0
1100059.0,23360.926335871787,2191.0,2191.0
1100145.0,23365.13196159404,2192.0,2192.0
1104880.0,23582.651697425237,2193.0,2193.0
1105051.0,23590.489763698017,2194.0,2194.0
1108505.0,23602.150561861086,2195.0,2195.0
1109485.0,23643.331281357034,2196.0,2196.0
1111489.0,23661.75661154238,2197.0,2197.0
1111659.0,23877.467199886472,2198.0,2198.0
1115707.0,23891.691868876147,2199.0,2199.0
1116346.0,23903.26563711411,2200.0,2200.0
1120563.0,23970.858026359012,2201.0,2201.0
1122181.0,24013.392348883932,2202.0,2203.0
1122905.0,24019.42130536376,2203.0,2204.0
1125629.0,24158.467990385823,2204.0,2209.0
1125841.0,24154.456724983054,2205.0,2208.0
1129203.0,24085.083459285517,2206.0,2207.0
1131755.0,24032.56191489568,2207.0,2206.0
1132606.0,24020.33910685914,2208.0,2205.0
1138940.0,24012.183054803598,2209.0,2202.0
1143104.0,24387.979562014545,2210.0,2210.0
1143826.0,24453.0,2211.0,2211.0
1145440.0,24483.26804092484,2212.0,2212.0
1146162.0,24528.388289759296,2213.0,2213.0
1146927.0,24552.830596402135,2214.0,2214.0
1149050.0,24561.649206549824,2215.0,2215.0
1150366.0,24571.753038033137,2216.0,2216.0
1151257.0,24586.690642136648,2217.0,2217.0
1152191.0,24608.708403808705,2218.0,2218.0
1156561.0,24687.200729287542,2219.0,2219.0
1157155.0,24697.847034921942,2220.0,2220.0
1158682.0,24712.078076198315,2221.0,2221.0
1158852.0,24840.0,2222.0,2222.0
1163347.0,24887.003653199405,2223.0,2223.0
1164788.0,24939.277922941652,2224.0,2224.0
1165678.0,25003.170688866037,2225.0,2225.0
1167458.0,25035.15366794466,2226.0,2226.0
1167585.0,25045.71731478204,2227.0,2227.0
1167839.0,25051.0,2228.0,2228.0
1168390.0,25092.0,2229.0,2229.0
1168941.0,25138.0,2230.0,2230.0
1169407.0,25140.0,2231.0,2231.0
1173431.0,25144.696590749885,2232.0,2232.0
1174320.0,25166.0,2233.0,2233.0
1174363.0,25277.728510616736,2234.0,2234.0
1176480.0,25279.256756142753,2235.0,2235.0
1178215.0,25281.124535565268,2236.0,2236.0
1179316.0,25335.633380541054,2237.0,2237.0
1180882.0,25337.10461865536,2238.0,2238.0
1181474.0,25341.0,2239.0,2239.0
1187143.0,25525.0,2240.0,2240.0
1189891.0,25567.0,2241.0,2241.0
1191752.0,25576.891907763988,2242.0,2242.0
1192724.0,25595.85357512018,2243.0,2243.0
1195006.0,25643.11219149156,2244.0,2244.0
1196358.0,25723.0,2245.0,2245.0
1197161.0,25773.0,2246.0,2246.0
1198555.0,25804.0,2247.0,2247.0
1204256.0,25946.0,2248.0,2248.0
1209406.0,25948.716716404335,2249.0,2249.0
1209532.0,26060.0,2250.0,2250.0
1212064.0,26101.0,2251.0,2251.0
1215101.0,26228.0,2252.0,2252.0
1220034.0,26274.82351464729,2253.0,2253.0
1222099.0,26351.25959468506,2254.0,2254.0
1224838.0,26383.619944716786,2255.0,2255.0
1227408.0,26384.110129029585,2256.0,2256.0
1227830.0,26387.09901810697,2257.0,2257.0
1227998.0,26435.549944477007,2258.0,2258.0
1231325.0,26438.0,2259.0,2259.0
1232757.0,26560.45854549525,2260.0,2260.0
1236377.0,26609.0,2261.0,2261.0
1237808.0,26628.3043411509,2262.0,2262.0
1238060.0,26738.0,2263.0,2263.0
1239364.0,26745.0,2264.0,2264.0
1241931.0,26767.444118130457,2265.0,2265.0
1245043.0,26786.0,2266.0,2266.0
1245968.0,26924.0,2267.0,2267.0
1247103.0,26972.0,2268.0,2268.0
1260171.0,26978.544147075077,2269.0,2269.0
1260549.0,27206.0,2270.0,2270.0
1261640.0,27261.0,2271.0,2271.0
1262480.0,27287.0,2272.0,2272.0
1264327.0,27366.0,2273.0,2273.0
1275780.0,27573.0,2274.0,2274.0
1276157.0,27648.0,2275.0,2275.0
1276534.0,27683.0,2276.0,2276.0
1279930.0,27733.0,2277.0,2277.0
1280265.0,27748.0,2278.0,2278.0
1283576.0,27795.0,2279.0,2279.0
1285000.0,27864.0,2280.0,2280.0
1288309.0,27865.50199792499,2281.0,2281.0
1288435.0,27905.0,2282.0,2282.0
1289775.0,27927.0,2283.0,2283.0
1296305.0,28109.0,2284.0,2284.0
1296724.0,28126.0,2285.0,2285.0
1297728.0,28185.0,2286.0,2286.0
1299527.0,28228.0,2287.0,2287.0
1305884.0,28254.155606496563,2288.0,2288.0
1307264.0,28375.0,2289.0,2289.0
1309396.0,28484.0,2290.0,2290.0
1313199.0,28555.0,2291.0,2291.0
1325977.0,28645.864644505244,2292.0,2292.0
1329857.0,28780.66511461975,2293.0,2293.0
1332569.0,28801.528655649294,2294.0,2294.0
1337989.0,28812.0,2295.0,2295.0
1341449.0,29270.71772114188,2296.0,2296.0
1355068.0,29293.19736644564,2297.0,2297.0
1357108.0,29297.403535840283,2298.0,2298.0
1358523.0,29303.47527936395,2299.0,2299.0
1360062.0,29569.856416994488,2300.0,2300.0
1362475.0,29740.0,2301.0,2301.0
1371664.0,29932.0,2302.0,2302.0
1382964.0,30251.0,2303.0,2303.0
1387904.0,30271.336168303995,2304.0,2304.0
1395289.0,30285.0,2305.0,2305.0
1399021.0,30543.0,2306.0,2306.0
1406813.0,30759.0,2307.0,2307.0
1414435.0,30827.076366125,2308.0,2308.0
1421679.0,30899.082484448434,2309.0,2309.0
1423541.0,30961.49756357088,2310.0,2310.0
1424037.0,31196.0,2311.0,2311.0
1431399.0,31347.0,2312.0,2312.0
1434665.0,31474.0,2313.0,2313.0
1436566.0,31481.0,2314.0,2314.0
1439666.0,31587.0,2315.0,2315.0
1452343.0,31747.0,2316.0,2316.0
1465791.0,31756.642160503477,2317.0,2317.0
1466079.0,32209.0,2318.0,2318.0
1471602.0,32364.0,2319.0,2319.0
1483670.0,32630.0,2320.0,2320.0
1483793.0,32663.0,2321.0,2321.0
1492517.0,32892.0,2322.0,2322.0
1497411.0,33000.0,2323.0,2323.0
1498768.0,33036.0,2324.0,2324.0
1503741.0,33112.0,2325.0,2325.0
1507973.0,33245.0,2326.0,2326.0
1525544.0,33692.0,2327.0,2327.0
1530384.0,33790.0,2328.0,2328.0
1533951.0,33850.0,2329.0,2329.0
1558155.0,34445.0,2330.0,2330.0
1582518.0,35094.0,2331.0,2331.0
1595171.0,35358.0,2332.0,2332.0
1597088.0,35425.0,2333.0,2333.0
1600188.0,35497.0,2334.0,2334.0
1605284.0,35626.0,2335.0,2335.0
1610664.0,35757.0,2336.0,2336.0
1617060.0,35917.0,2337.0,2337.0
1652769.0,36796.0,2338.0,2338.0
1681209.0,36894.17351904306,2339.0,2339.0
1685302.0,37028.648704463245,2340.0,2340.0
1686518.0,37482.0,2341.0,2341.0
1689920.0,37572.0,2342.0,2342.0
1728625.0,38673.0,2343.0,2343.0
1739485.0,38923.0,2344.0,2344.0
1756705.0,39356.0,2345.0,2345.0
1762629.0,39490.0,2346.0,2346.0
1766818.0,39575.0,2347.0,2347.0
1776078.0,39835.0,2348.0,2348.0
1823291.0,41004.0,2349.0,2349.0
1840489.0,41137.0,2350.0,2350.0
1873706.0,42180.0,2351.0,2351.0
1907486.0,43079.0,2352.0,2352.0
1961390.0,44471.0,2353.0,2353.0
1992396.0,45279.0,2354.0,2354.0
2016174.0,45663.0,2355.0,2355.0
2025793.0,46087.0,2356.0,2356.0
2040192.0,46455.0,2357.0,2357.0
2053590.0,46774.0,2358.0,2358.0
2247698.0,49602.0,2359.0,2359.0
2260928.0,52009.0,2360.0,2360.0
2323894.0,53693.0,2361.0,2361.0
2469761.0,57474.0,2362.0,2362.0
2482827.0,57805.0,2363.0,2363.0
2738950.0,64474.0,2364.0,2364.0
2997279.0,71344.0,2365.0,2365.0
3372438.0,81401.0,2366.0,2366.0
3405564.0,82223.0,2367.0,2367.0
3525875.0,85569.0,2368.0,2368.0
5604394.0,144249.0,2369.0,2369.0
9880934.0,270835.0,2370.0,2370.0
11553359.0,323893.0,2371.0,2371.0
12512099.0,354828.0,2372.0,2372.0
12696955.0,360847.0,2373.0,2373.0
13949970.0,401927.0,2374.0,2374.0
13956989.0,402140.0,2375.0,2375.0
14919182.0,433604.0,2376.0,2376.0
15748794.0,461985.0,2377.0,2377.0
15766439.0,462543.0,2378.0,2378.0
17873292.0,534318.0,2379.0,2379.0
18452816.0,554429.0,2380.0,2380.0
